window,date_start_in,date_end_in,date_start_oos,date_end_oos,n_clusters,n_assets_total,s1_n_assets,s1_sharpe,s1_te,s1_return,s1_vol,s1_turnover,s1_hhi,s1_ceq,s1_corr,s1_weights,gmv_n_assets,gmv_sharpe,gmv_te,gmv_return,gmv_vol,gmv_turnover,gmv_hhi,gmv_ceq,gmv_corr,gmv_weights,mv_n_assets,mv_sharpe,mv_te,mv_return,mv_vol,mv_turnover,mv_hhi,mv_ceq,mv_corr,mv_weights
0,2015-01-02,2015-07-02,2015-07-06,2015-08-03,8,50,13,0.26364526632577084,0.05605953938240023,0.002063618563233671,0.12808696502907055,,0.08792506130778964,0.017363251397590658,0.8998210392352534,"ISRG    5.630245e-02
ARE     5.456967e-02
DHR     1.000000e-01
CMI     9.904654e-02
A       6.440281e-02
RTX     1.000000e-01
REG     8.458693e-19
FRT     8.041507e-19
ADP     1.000000e-01
JNJ     1.000000e-01
MPC     3.690474e-02
OXY     1.000000e-01
WRB     7.986191e-02
CAH     1.000000e-01
EOG     8.911868e-03
dtype: float64",7,3.1768766616070687,0.09815611830445631,0.029657108224862005,0.11808029374595463,,0.20274446603043222,0.3611835736260995,0.6594126181372109,"ARE     7.553656e-02
TECH    2.935347e-01
ETR     1.601886e-01
SW      1.358338e-01
CFG     2.436316e-01
FICO   -3.504775e-23
CAT     8.590502e-02
GLW     5.369735e-03
dtype: float64",2,2.6533066485404593,0.19701976144231964,0.04075572450070286,0.19659119056730173,,0.6615651061372747,0.48296861676803693,0.3009815990587287,"ARE     7.288737e-24
TECH    1.177737e-22
ETR     3.402519e-22
SW      7.842227e-01
CFG     7.388811e-24
FICO    2.157773e-01
CAT     7.828180e-24
GLW     3.398026e-22
dtype: float64"
1,2015-02-03,2015-08-03,2015-08-04,2015-09-01,11,50,12,-3.7531760387101687,0.07638330182773104,-0.07238719187504561,0.2441862844883057,0.0,0.090117898499787,-0.9761010534553773,0.974273603516745,"CPAY    0.100000
ICE     0.100000
FAST    0.087806
DECK    0.064170
DAL     0.061306
BLK     0.100000
PCAR    0.100000
WSM     0.063003
EG      0.100000
TJX     0.100000
NEE     0.100000
TPL     0.023715
dtype: float64",9,-1.4231864411253026,0.12141662876282894,-0.02922463512373419,0.2425233274391919,0.0,0.17625990571753125,-0.40397347562022745,0.9120823991044417,"NWS     6.238338e-02
AIG     7.773242e-02
RMD     1.410080e-02
DPZ     1.781084e-02
MSI     8.388410e-02
IVZ     1.579163e-23
NVR     2.788450e-01
ALGN   -4.092635e-23
ROL     2.126156e-01
TJX     8.213851e-02
SLB     1.704893e-01
dtype: float64",1,-2.8115560383102833,0.2184770679064968,-0.0728303059124844,0.320636399153204,0.0,1.0,-1.0042949046031897,0.7488530965000183,"NWS    -1.227806e-22
AIG    -4.725232e-23
RMD    -3.389707e-22
DPZ    -8.063758e-24
MSI    -1.230554e-22
IVZ    -2.308271e-22
NVR    -2.369863e-22
ALGN   -2.334561e-22
ROL     1.000000e+00
TJX    -1.230059e-22
SLB    -1.238056e-22
dtype: float64"
3,2015-04-06,2015-10-01,2015-10-02,2015-10-30,9,50,11,6.121443092585919,0.06453607886106061,0.0677396562290915,0.13656881268648233,0.0,0.09254034786636492,0.817347174483732,0.8821238195799741,"UNH     0.080859
EQR     0.076680
EW      0.070005
MCD     0.100000
POOL    0.100000
PSX     0.100000
EXPD    0.100000
ARE     0.072978
NDAQ    0.099478
CME     0.100000
FDS     0.100000
dtype: float64",5,9.807313214789703,0.10468659932535063,0.11626337285617594,0.14266949705053306,0.0,0.290367560427227,1.3788498583824413,0.7024331935665854,"MCD     2.081447e-01
TRMB    6.605447e-02
TTWO    2.174207e-22
SBUX   -5.649595e-23
ROK     7.103971e-02
COST    4.352635e-01
PM      2.194976e-01
MS      2.243065e-23
NOC    -7.113307e-23
dtype: float64",1,5.030534531396157,0.13794203981213135,0.07730695323691239,0.19028072417073638,0.0,1.0,0.9210069996090168,0.6894216637535892,"MCD     2.303354e-22
TRMB    1.778720e-22
TTWO    3.547656e-22
SBUX    1.000000e+00
ROK     1.778760e-22
COST    2.861914e-22
PM      1.776150e-22
MS      1.723996e-22
NOC     1.741495e-22
dtype: float64"
5,2015-06-04,2015-12-01,2015-12-02,2015-12-31,9,50,11,-2.501400030008022,0.05704240514089138,-0.032006144903806044,0.15892151295142137,0.02702178425361565,0.09674152683045154,-0.4227823245443745,0.955593556126625,"GIS     0.100000
ARE     0.100000
EOG     0.100000
DPZ     0.100000
TKO     0.020491
EME     0.100000
HBAN    0.100000
PHM     0.079509
HAS     0.100000
PFE     0.100000
MSCI    0.100000
dtype: float64",9,-1.0273741616627174,0.08928849820337692,-0.014620222998055099,0.16757648722841273,0.0,0.17930760061174153,-0.20024563215248797,0.8756180568022861,"BIIB    0.014509
ADBE    0.214120
AES     0.076601
HAS     0.160428
EXC     0.249008
MU      0.001272
SHW     0.186729
RF      0.052761
QCOM    0.044573
dtype: float64",1,0.9866546777364853,0.25713441376118307,0.020865093114350808,0.3102814927393115,0.0,1.0,0.20986608148976554,0.5606876296782947,"BIIB   -1.078798e-22
ADBE    1.000000e+00
AES     1.683270e-24
HAS     5.616703e-23
EXC     4.727959e-25
MU      2.267837e-22
SHW     7.130554e-25
RF      1.212874e-24
QCOM    2.142987e-24
dtype: float64"
6,2015-07-06,2015-12-31,2016-01-04,2016-02-02,10,50,11,-3.1231614423130467,0.07816475875335772,-0.054583366159913216,0.2188356124658326,0.0074783936096562715,0.09765238482973815,-0.7313479723415448,0.9442284850369144,"IQV     0.096575
DTE     0.100000
TFC     0.100000
DOV     0.100000
DAL     0.091469
WDAY    0.100000
TJX     0.098943
UNH     0.100000
TKO     0.013013
EXPD    0.100000
TSCO    0.100000
dtype: float64",6,1.7591066890366545,0.07408728525775972,0.027294309473988587,0.20425536555371118,0.0,0.2125240442502251,0.31758672545968025,0.9543051115934729,"CTRA   -3.866092e-24
IT      1.467923e-01
ODFL    4.881637e-02
CPB     3.391528e-01
TT      1.268146e-01
URI    -5.669837e-25
TSCO   -1.044922e-23
NI      1.797257e-01
PCAR    1.415228e-23
COO     1.586982e-01
dtype: float64",1,4.062969368308765,0.21966190080805262,0.08913885495452045,0.2741107690896678,0.0,1.0,1.038566944603948,0.639148390924569,"CTRA    5.993249e-23
IT      3.026079e-23
ODFL    5.848504e-23
CPB     3.675510e-23
TT     -5.255951e-23
URI     6.070333e-23
TSCO    5.832553e-23
NI      1.000000e+00
PCAR   -5.206207e-23
COO    -5.280899e-23
dtype: float64"
7,2015-08-04,2016-02-02,2016-02-03,2016-03-03,9,50,13,3.207071559994957,0.08379862854483787,0.04986947896449623,0.19717309910910005,0.05772027974053359,0.0827077812611103,0.5934710075365748,0.9078767597179936,"DPZ     0.069344
XOM     0.100000
KR      0.098255
MKC     0.100000
HUM     0.070047
DTE     0.100000
TJX     0.069046
CHTR    0.100000
ADI     0.081899
HAL     0.073912
EA      0.042784
TKO     0.040836
BSX     0.053876
dtype: float64",4,3.6698798873068643,0.1088985028599148,0.03955958585882491,0.13571254349527195,0.1268145940784091,0.4109743421347214,0.4796308393666005,0.835548052359467,"HPQ    -1.349336e-23
KKR     2.834328e-24
PG      5.243646e-01
HD      9.544987e-02
AKAM   -2.550466e-23
NDAQ    1.602110e-23
AJG     3.553726e-01
EA      2.481286e-02
TT      1.818178e-23
dtype: float64",1,3.397442837489691,0.1894357044704589,0.05844151888975424,0.21756700692474076,7.184665477645046e-23,1.0,0.6918360668483403,0.5794981598591159,"HPQ    -1.208026e-22
KKR    -2.337551e-22
PG     -7.382175e-23
HD     -4.253991e-23
AKAM    2.116335e-22
NDAQ    1.000000e+00
AJG    -1.273643e-22
EA     -1.166094e-23
TT     -1.244062e-22
dtype: float64"
10,2015-11-02,2016-05-03,2016-05-04,2016-06-02,9,50,10,1.3797695950733913,0.042079512794227635,0.012309603211059228,0.11643810960409838,0.0,0.10000000027921689,0.14709992997138194,0.9344465108576984,"UDR     0.1
MDLZ    0.1
AMGN    0.1
WRB     0.1
ELV     0.1
PEP     0.1
TROW    0.1
CCI     0.1
TSCO    0.1
FRT     0.1
dtype: float64",6,2.340141543999098,0.08463445333314866,0.02130760551740063,0.11633990348939582,0.0,0.23260486068367472,0.25871686823645884,0.7062474904616248,"ALB    -5.285505e-24
UDR     3.904884e-02
INTU    8.126668e-24
LNT     2.542651e-01
GL     -1.778611e-23
GE      2.542180e-01
GIS     2.962598e-01
DLTR    4.783737e-02
JBHT    1.083710e-01
dtype: float64",3,6.98334534004741,0.23566209853865602,0.13403020565559642,0.2312569257606839,0.0,0.38173649090222983,1.5614672091522792,0.1759872916366608,"ALB     4.895014e-01
UDR     1.047853e-22
INTU    1.071528e-22
LNT     3.321273e-01
GL      1.044732e-22
GE      1.028971e-22
GIS     4.958790e-23
DLTR    1.783713e-01
JBHT    4.703351e-23
dtype: float64"
14,2016-03-04,2016-08-31,2016-09-01,2016-09-30,9,50,14,0.09807328811366177,0.03093929515477847,0.0003078148211201892,0.15190697223579916,5.244168950480077e-08,0.08619065332107995,-0.008177711959292306,0.9792565136946837,"MAR     6.668342e-02
AMP    -1.490919e-19
FCX     1.306292e-03
SWKS    2.796078e-02
APA     1.722848e-20
CTRA    3.421991e-02
REGN    6.978408e-02
BRO     1.000000e-01
STE     9.324662e-02
AME     6.955044e-02
KDP     1.000000e-01
TROW    1.000000e-01
LUV     3.724846e-02
UPS     1.000000e-01
NVR     1.000000e-01
GM      1.000000e-01
dtype: float64",6,0.2536375976340525,0.06830900038003641,0.0024210161617088666,0.1847258965092745,0.0,0.3088220810857423,0.012729775770253804,0.9416926878668543,"ZBH    2.320443e-01
J     -4.369626e-23
GEN    5.270070e-02
AOS    1.318252e-01
AMP    1.178615e-23
TYL    4.027554e-02
TJX    6.458458e-02
KMI   -8.413371e-23
VZ     4.785698e-01
dtype: float64",1,3.0132012491765643,0.12050078257051573,0.039337412188607424,0.1658247861847865,0.0,1.0,0.47216559316320517,0.7077916810617607,"ZBH    6.781200e-23
J      2.881731e-22
GEN    1.000000e+00
AOS    2.335079e-22
AMP    2.304519e-22
TYL    2.632987e-22
TJX    2.342641e-22
KMI    3.410414e-22
VZ     2.346722e-22
dtype: float64"
15,2016-04-05,2016-09-30,2016-10-03,2016-10-31,9,50,12,0.5654718284492958,0.045041730833866624,0.0033511892977486912,0.07990465369036374,0.00675338367053932,0.08852167161455249,0.03879907694252079,0.8267191140694486,"WFC     0.067718
C       0.076061
CHRW    0.100000
GS      0.100000
TJX     0.100000
SRE     0.100000
KIM     0.100000
ETR     0.100000
GNRC    0.054232
PRU     0.053076
FANG    0.048912
STE     0.100000
dtype: float64",7,0.8132446463637673,0.06725197120029269,0.0060316653921226315,0.09891919747074926,0.0,0.293117289143381,0.07066050013743005,0.7343383589710337,"RJF     6.170568e-03
FITB   -6.685909e-24
WFC     1.356951e-01
TEL    -2.860970e-23
WST     1.989067e-02
ULTA    2.689226e-02
APO     8.706732e-02
DTE     4.049951e-01
MDT     3.192891e-01
dtype: float64",3,3.8334897015023968,0.13208056721469028,0.0429384931365524,0.14077571651765824,0.0,0.42433875213924066,0.5198444571310036,0.36691771522915045,"RJF     5.796264e-01
FITB    2.129249e-01
WFC     1.352891e-22
TEL     1.266549e-22
WST     6.353122e-23
ULTA    2.074487e-01
APO     1.370386e-22
DTE    -6.360962e-23
MDT     1.827087e-22
dtype: float64"
16,2016-05-04,2016-10-31,2016-11-01,2016-11-30,10,50,12,6.529265542723656,0.05953539594622891,0.06589415065606419,0.12446311271663507,0.0,0.08737266735732209,0.797161646773742,0.8798599353709855,"BEN     0.090534
CCL     0.072365
MDLZ    0.097126
EQT     0.048363
AJG     0.100000
CI      0.083548
IPG     0.100000
ECL     0.100000
ETR     0.100000
SLB     0.079544
ROK     0.046927
PSKY    0.081594
dtype: float64",8,1.6579756523644718,0.10420797198573244,0.015945455088083538,0.12472754808922837,0.0,0.37707006656225617,0.19123827665870863,0.5951480019823189,"ON     -9.753125e-23
DECK    4.349701e-22
LEN     3.546823e-02
TSCO    6.926776e-02
IPG     1.418341e-02
KO      5.890107e-01
CPB     9.319955e-02
FDS     1.026191e-01
NTRS    5.201919e-02
VMC     4.423211e-02
dtype: float64",1,0.4448485974448576,0.34453346493124104,0.007698901267619851,0.3391320339575127,0.0,1.0,0.035851873198461795,0.09847864239727908,"ON      1.000000e+00
DECK    1.931422e-25
LEN     2.217760e-22
TSCO   -1.114166e-22
IPG     1.107399e-22
KO      1.102631e-22
CPB    -9.645798e-25
FDS     1.105974e-22
NTRS    5.538107e-23
VMC     5.502603e-23
dtype: float64"
18,2016-07-05,2016-12-30,2017-01-03,2017-02-01,11,50,11,2.7894201755783645,0.07770090927753541,0.022326840250186164,0.1015524502063984,0.0,0.09464894818224734,0.27295955334222194,0.645232303155518,"CMG     0.066030
DHR     0.100000
NDAQ    0.100000
ARE     0.100000
EXC     0.100000
FANG    0.100000
NCLH    0.041343
EA      0.100000
AEE     0.100000
RL      0.100000
NUE     0.092627
dtype: float64",10,-1.893679695219173,0.056120832169304524,-0.010011141779004529,0.06584170259963831,0.0,0.15098242755941868,-0.12901822511281372,0.612262264028748,"INTC   -3.503065e-23
SW      6.284854e-02
ETR     8.137119e-02
SCHW    8.294516e-02
QCOM    2.586504e-02
VZ      1.671543e-01
DLTR    6.106975e-02
DVA     1.219361e-01
ODFL    5.265522e-02
CSCO    2.823725e-01
EA      6.178222e-02
dtype: float64",1,2.0008997851927317,0.15098758619977273,0.02835832984309361,0.18427558066513,0.0,1.0,0.3347594801396537,0.6604376705843361,"INTC    1.224739e-22
SW      1.707983e-23
ETR     1.556350e-23
SCHW    1.000000e+00
QCOM    6.814493e-23
VZ     -9.667958e-23
DLTR    1.295271e-23
DVA    -2.110058e-22
ODFL    3.415128e-23
CSCO    1.218262e-22
EA      1.262314e-23
dtype: float64"
21,2016-10-03,2017-04-03,2017-04-04,2017-05-03,11,50,13,8.221116709417007,0.054053458052999326,0.043739792263062016,0.06593344220503687,0.0,0.0867083766349455,0.5376993046202042,0.7050305074341673,"AXON    0.032889
K       0.089092
BAX     0.100000
NOW     0.076380
MRK     0.100000
AVB     0.100000
WAB     0.100000
STE     0.100000
PODD    0.008136
CSGP    0.069154
GIS     0.086795
PNW     0.071321
GRMN    0.066235
dtype: float64",8,0.6980734702344399,0.053794436139042376,0.004834362491621391,0.09294246030067432,0.0,0.19397228679794984,0.05624236486747597,0.8158246313698501,"XOM     1.552061e-01
PAYC   -1.853179e-23
JBL     1.366022e-02
GM     -4.357701e-23
TROW    3.073982e-02
EMR     9.153702e-02
STE     9.707630e-02
AAPL    2.817245e-01
CPB     7.252996e-02
ADP     2.575261e-01
AVGO   -6.372167e-23
dtype: float64",2,0.9927411433025207,0.14002596531834485,0.013365942916667262,0.18489751383266917,0.0,0.6254030356266473,0.14936827865453556,0.73470176652524,"XOM     2.472424e-22
PAYC    9.595503e-23
JBL     7.504027e-01
GM      3.581388e-23
TROW    1.001797e-22
EMR     7.540521e-23
STE     1.555817e-22
AAPL   -2.972154e-23
CPB     1.430874e-22
ADP     1.365549e-22
AVGO    2.495973e-01
dtype: float64"
22,2016-11-01,2017-05-03,2017-05-04,2017-06-02,9,50,10,0.7876146383429229,0.07097336357415722,0.006267820903503418,0.10685934093305774,1.975253535735355e-08,0.10000000027921585,0.0727450624179059,0.7488078937824342,"USB     0.1
XYL     0.1
KR      0.1
MRK     0.1
TJX     0.1
JCI     0.1
ABBV    0.1
WMB     0.1
CTRA    0.1
REGN    0.1
dtype: float64",8,7.0149661704241435,0.05154280049096958,0.04057354271950908,0.07185728176640872,0.0,0.19443732469551545,0.49891293174713575,0.7948662501518665,"DGX     6.944818e-02
PEP     3.329048e-01
ADI     2.874869e-22
JCI     3.844622e-02
BAX     1.240067e-01
FIS     1.377457e-01
EXPD    1.931950e-01
JKHY    4.211908e-02
WTW     6.213426e-02
dtype: float64",1,2.920410581690861,0.07905187271587152,0.02536856573190116,0.1101258342368021,0.0,1.0,0.309484952256339,0.6995930007769695,"DGX     1.000000e+00
PEP    -2.885447e-25
ADI     6.566537e-25
JCI     4.976540e-25
BAX    -1.110294e-22
FIS    -1.109458e-22
EXPD    9.179448e-26
JKHY   -1.108880e-22
WTW     3.788275e-25
dtype: float64"
23,2016-12-01,2017-06-02,2017-06-05,2017-07-03,9,50,12,2.923358412232658,0.03884519444558396,0.013887901151042659,0.06005347370657493,0.0,0.089582070795411,0.17195140783968227,0.8419802356382712,"CDW     0.087663
HAL     0.035525
WM      0.100000
WDC     0.043115
VRSN    0.100000
AMGN    0.090802
HOLX    0.084132
OXY     0.058762
RF      0.100000
SJM     0.100000
CINF    0.100000
AWK     0.100000
dtype: float64",8,-1.4420024282770385,0.055036253548409644,-0.008957027502684678,0.07666116928458537,0.19254372519087692,0.32518143720882864,-0.11642252713900908,0.727564429498451,"ROP     1.118210e-01
CME     7.438755e-02
STLD    2.872792e-22
AKAM    1.205590e-02
PEP     5.254485e-01
APO     1.580443e-02
EFX     7.856526e-02
EQIX    1.539398e-01
RF      2.797753e-02
dtype: float64",1,-0.7093046053551025,0.24565477863548724,-0.01893777515912054,0.28495225485762166,6.546436263736981e-23,1.0,-0.2833157342252749,0.634534377303509,"ROP    -7.449626e-23
CME     4.159166e-23
STLD    3.664193e-23
AKAM   -2.896902e-22
PEP    -6.575291e-23
APO     1.000000e+00
EFX     3.968845e-23
EQIX   -9.949242e-23
RF     -8.092641e-23
dtype: float64"
24,2017-01-03,2017-07-03,2017-07-05,2017-08-02,10,50,10,-1.5993256948409353,0.06819222396609807,-0.01043575057008339,0.08069341754270438,0.0,0.10000000027920229,-0.13556648371529664,0.5523191592849516,"KEYS    0.1
UAL     0.1
PODD    0.1
CVS     0.1
TMUS    0.1
NUE     0.1
MO      0.1
IBKR    0.1
ADP     0.1
NSC     0.1
dtype: float64",9,0.7349088422534925,0.10202298582042592,0.006078162898650152,0.11209044417809991,0.0,0.18798739185719537,0.0698119908825634,0.42116062854001945,"AZO     3.835924e-02
CVS     1.355918e-01
APA     5.157691e-02
RVTY    1.294575e-01
COST    8.863922e-02
AME     3.328924e-02
WRB     3.482369e-01
BR      1.273699e-01
APD     4.747933e-02
TDG    -3.623593e-23
dtype: float64",1,-1.733343248216067,0.14383610026122665,-0.0214306374727411,0.15105805765326694,0.0,1.0,-0.2846540011039013,0.310980588145137,"AZO     1.103739e-23
CVS     1.223358e-22
APA     2.346253e-22
RVTY    1.000000e+00
COST    1.232174e-22
AME    -5.168321e-25
WRB     1.220594e-22
BR      1.012090e-23
APD     1.037254e-23
TDG     1.096124e-23
dtype: float64"
25,2017-02-02,2017-08-02,2017-08-03,2017-08-31,10,50,12,-3.2291064899580335,0.04575871724993983,-0.026905518772230463,0.10473144121677191,1.080855467627817e-08,0.09260046617576001,-0.34915765131507864,0.9011226957876081,"AES     0.100000
KEY     0.048690
DOV     0.100000
INTC    0.100000
SCHW    0.089129
FITB    0.044368
SPG     0.100000
KEYS    0.100000
HBAN    0.017814
EXPD    0.100000
BRO     0.100000
XOM     0.100000
dtype: float64",9,1.7411498156596856,0.060210365668975724,0.012512043979909793,0.09233767856296807,0.0,0.2012183856812308,0.15224748512595715,0.8069615791438697,"KEY     5.623916e-02
WST    -4.724728e-23
CSGP    7.654511e-02
IQV     1.236879e-01
CAH     1.488145e-02
CNP     3.519384e-01
DE      4.974705e-02
WMT     2.001539e-01
HRL     2.994270e-02
SPGI    9.686433e-02
dtype: float64",1,4.190274469828057,0.08971194987451223,0.042140871388473666,0.12604126758323259,0.0,1.0,0.5122611045647982,0.7076595019476728,"KEY     1.771441e-24
WST     1.275710e-24
CSGP    1.000000e+00
IQV    -2.210136e-22
CAH     1.127863e-22
CNP    -1.103522e-22
DE      1.122341e-22
WMT     2.883376e-23
HRL     1.269246e-24
SPGI   -1.377692e-22
dtype: float64"
26,2017-03-06,2017-08-31,2017-09-01,2017-10-02,12,50,10,9.588146747608434,0.06190105693889551,0.06134253041195881,0.07865829948581984,0.0821863130827411,0.10000000027920582,0.7480001903093727,0.6222829952129715,"HBAN    0.1
MDLZ    0.1
RF      0.1
HPQ     0.1
IFF     0.1
LII     0.1
JCI     0.1
AIZ     0.1
DLTR    0.1
DG      0.1
dtype: float64",7,-1.8716701264199902,0.05479684899214997,-0.006293404298112537,0.04204550553313551,0.0,0.3506114827967189,-0.08046314119213308,0.3922555606396611,"WMB     2.400680e-02
RF      4.471578e-02
ULTA    7.933770e-03
MOS     6.093803e-22
GLW     1.024918e-02
KO      2.330578e-01
EXPE    1.682737e-21
NXPI    5.165499e-01
LVS     2.772310e-22
WTW    -2.215520e-22
TRMB    2.034364e-22
PNW     1.634868e-01
dtype: float64",2,0.6677665820886953,0.14284000245730702,0.007824142432133918,0.16686017687157254,0.0,0.5119212291694114,0.0835813313706327,0.5687572746962998,"WMB     6.712564e-23
RF      9.211448e-24
ULTA   -2.117041e-22
MOS    -4.346171e-22
GLW     6.037974e-24
KO     -9.806470e-23
EXPE    5.772050e-01
NXPI    6.866438e-23
LVS    -1.299800e-22
WTW     2.434931e-23
TRMB    4.227950e-01
PNW    -4.093654e-23
dtype: float64"
27,2017-04-04,2017-10-02,2017-10-03,2017-10-31,8,50,11,4.844838572908761,0.0679691572111566,0.03633746398284976,0.09376897597150002,5.766064284373762e-08,0.09866849528388268,0.4455029308741343,0.7079344332642135,"ADI     0.100000
WFC     0.100000
NUE     0.100000
BKR     0.092828
COP     0.100000
ZBRA    0.100000
EME     0.100000
RF      0.100000
AEP     0.100000
HPQ     0.100000
STLD    0.007172
dtype: float64",8,5.647072493977372,0.08548651664617381,0.04020256690073554,0.08868987769962641,0.010193823754128445,0.22395922286117126,0.49297227444540276,0.34960290732015536,"SBUX    0.121670
EME     0.029487
CB      0.121218
LVS     0.010194
UNH     0.381695
EL      0.173720
ACGL    0.128410
CCL     0.033606
dtype: float64",1,3.6193303346652166,0.11913899768978183,0.030981915534168625,0.10782277354203867,2.4109766476896886e-23,1.0,0.37862048455414093,0.0038156706970033766,"SBUX   -9.651215e-23
EME     7.105418e-23
CB      1.256952e-22
LVS    -1.540897e-22
UNH     1.269267e-22
EL      1.000000e+00
ACGL   -9.491751e-23
CCL    -9.641050e-23
dtype: float64"
28,2017-05-04,2017-10-31,2017-11-01,2017-11-30,9,50,10,6.363756608271056,0.08434878457154378,0.056085571753421215,0.10907437745574096,4.1265888844899123e-08,0.10000000027920501,0.6822255705096656,0.6345406691755,"QCOM     0.1
WFC      0.1
VMC      0.1
GOOGL    0.1
IDXX     0.1
EQT      0.1
MAS      0.1
PSA      0.1
MGM      0.1
SYF      0.1
dtype: float64",8,6.5008769132556115,0.0804411684743771,0.05074322474095738,0.09673804488333927,0.0,0.19752623296573893,0.6195238732877344,0.5679854579774667,"TEL     3.857946e-02
BF-B    1.116169e-01
FISV    2.799117e-01
HSY     2.694066e-01
MGM     4.778110e-02
NTRS    1.272946e-01
LRCX   -3.640385e-23
LYB     1.188221e-01
NTAP    6.587517e-03
dtype: float64",1,-1.5188634134181753,0.37483509232289114,-0.05218812170486897,0.39375831140873785,0.0,1.0,-0.753110700731513,0.3624082292145981,"TEL    -1.823240e-22
BF-B    4.912680e-23
FISV   -1.816909e-22
HSY    -6.088739e-23
MGM    -1.871508e-22
NTRS   -6.477263e-23
LRCX    1.000000e+00
LYB    -1.535080e-22
NTAP   -1.315656e-22
dtype: float64"
30,2017-07-05,2018-01-02,2018-01-03,2018-02-01,10,50,12,-1.569769949108121,0.11040911796021584,-0.014516940308257342,0.11343365581829044,0.0,0.09404328395615681,-0.19093193839332828,0.4170059173562425,"WSM     0.026714
CNC     0.100000
FRT     0.099897
T       0.100000
FTNT    0.100000
MAA     0.092475
KIM     0.009494
KO      0.100000
CL      0.100000
EQR     0.100000
AMT     0.082874
DLR     0.088546
dtype: float64",10,3.839680598186712,0.04900055768790526,0.030564474775802042,0.10011084349542299,0.0,0.2387145255029057,0.374371482452117,0.8720380460945073,"GRMN    0.086346
KO      0.438935
PHM     0.085083
LKQ     0.081693
WAT     0.036535
QCOM    0.033897
TAP     0.014726
CRM     0.062451
IBM     0.131292
COO     0.029042
dtype: float64",1,-3.7794021944481697,0.21269337177466893,-0.08199608257817914,0.27507462337365574,0.0,1.0,-1.1152836836395568,0.7949309651319232,"GRMN    9.860739e-25
KO      6.059660e-25
PHM     1.000000e+00
LKQ    -1.101375e-22
WAT    -1.097542e-22
QCOM    5.747032e-23
TAP    -2.210629e-22
CRM     2.233666e-22
IBM     1.118451e-22
COO     1.803373e-24
dtype: float64"
32,2017-09-01,2018-03-05,2018-03-06,2018-04-04,10,50,11,-2.6287920325357836,0.08600100179086696,-0.042054536361715744,0.19854984871760412,0.05930883725759644,0.09417101509675319,-0.5613683027958064,0.9188516810424954,"WMB     0.100000
CCL     0.094146
K       0.100000
NRG     0.099201
LYV     0.100000
PWR     0.100000
WSM     0.074569
NCLH    0.041720
RCL     0.090364
DLR     0.100000
IP      0.100000
dtype: float64",9,-3.9606463064601627,0.12117637149625003,-0.04572095939137,0.14613878760943125,0.0,0.22664295615724228,-0.6001605946198145,0.8503049507542618,"DRI     1.334170e-01
JPM     1.067857e-01
BAX     9.059493e-02
WELL    1.199429e-01
TTWO    7.953196e-23
STX     4.171697e-02
WSM     1.457474e-02
FAST    5.617103e-02
D       4.111966e-01
PFG     2.560012e-02
dtype: float64",1,2.4364592917632275,0.1994319684517546,0.05906349029144331,0.3167185234661967,0.0,1.0,0.6713611662661371,0.7825906523198296,"DRI     1.145768e-22
JPM     1.699061e-22
BAX     1.144330e-22
WELL    1.145065e-22
TTWO    1.147533e-22
STX     1.000000e+00
WSM     3.878528e-24
FAST    1.144332e-22
D       2.253157e-22
PFG     1.145403e-22
dtype: float64"
33,2017-10-03,2018-04-04,2018-04-05,2018-05-03,9,50,11,0.05605670723845464,0.06248841547427382,-0.0003319915289097253,0.1699345822085098,0.0352052257117417,0.09464018046119593,-0.01935178910582924,0.9340208132379758,"SNA     0.100000
ECL     0.100000
STT     0.100000
GOOG    0.100000
DD      0.100000
NEM     0.100000
LRCX    0.090031
HPQ     0.100000
FITB    0.100000
WSM     0.039364
ULTA    0.070606
dtype: float64",7,0.9979567396648904,0.0993666750162794,0.008655689355028029,0.11513043075571858,0.0,0.3613191288315558,0.10164017322719401,0.7269723395907697,"ED      5.626887e-01
PPL    -2.218315e-22
V       1.241751e-01
DLR     1.090176e-03
CRL     5.191989e-02
LRCX    2.507943e-23
BSX     4.493660e-02
AKAM    8.102725e-02
DG      1.341623e-01
dtype: float64",1,-0.525599898563197,0.14906141842680715,-0.011619919167890624,0.2313800523879211,0.0,1.0,-0.17515006070767564,0.7812596018949716,"ED      4.868514e-24
PPL     4.813797e-24
V       4.484699e-24
DLR    -1.059124e-22
CRL     4.587218e-24
LRCX    4.868884e-24
BSX    -1.066795e-22
AKAM    1.000000e+00
DG      4.280406e-24
dtype: float64"
34,2017-11-01,2018-05-03,2018-05-04,2018-06-04,9,50,11,5.885026758672182,0.04458803806735453,0.04850075007639898,0.10236517782310599,0.0036100731471214037,0.0932474332558851,0.5919431810144589,0.9038411429548504,"NDAQ     0.100000
DLR      0.100000
ALGN     0.061477
BRK-B    0.100000
NXPI     0.064898
BAC      0.100000
ADI      0.100000
SLB      0.100000
JBL      0.077235
ACN      0.100000
NEM      0.096390
dtype: float64",8,2.463164329999648,0.06679832594203615,0.01871691375348572,0.09670538548824746,0.0,0.17245066974990939,0.2288493244710862,0.7721879541210998,"VLO     5.921079e-02
BKNG    9.028595e-02
SW      6.660178e-02
WFC     6.670388e-02
BK      1.303896e-01
ADBE   -4.868935e-23
EXR     1.197365e-01
O       3.093376e-01
NEM     1.577338e-01
dtype: float64",2,5.592108976981843,0.20392076366819575,0.09866336979221435,0.21646109228706417,0.0,0.90491453515451,1.1636186128716777,0.35372292372325165,"VLO     9.499525e-01
BKNG    1.352713e-22
SW      5.004748e-02
WFC     1.244624e-22
BK      1.277270e-22
ADBE    7.578771e-24
EXR     1.782400e-23
O       1.307922e-22
NEM     1.943531e-23
dtype: float64"
35,2017-12-01,2018-06-04,2018-06-05,2018-07-03,9,50,12,-2.3280955654263136,0.05244989424361756,-0.017253437750589073,0.0924098719409158,0.0,0.09155245336957946,-0.22367859749939606,0.8238718310346447,"STT      8.727384e-02
HON      1.000000e-01
HII      1.366028e-02
DGX      1.000000e-01
A        5.238065e-02
KEY     -6.970700e-20
CRL      1.000000e-01
GOOG     1.000000e-01
FITB     6.222695e-02
PFE      1.000000e-01
WAT      1.000000e-01
CINF     8.445828e-02
BRK-B    1.000000e-01
dtype: float64",6,0.19714561280434345,0.07700606964846657,0.0013538377052366712,0.12268397498775385,0.0,0.28018406240921506,0.009135249711437664,0.7926745874913415,"DE     -2.752663e-23
DHI     1.481046e-01
ALGN    6.077146e-24
DVA     1.216687e-01
AXON    5.264767e-02
CINF    1.927081e-01
INTU    3.508584e-02
MCHP    8.871922e-23
FIS     4.497851e-01
dtype: float64",1,-0.9203748903174014,0.4444158343475049,-0.04428871650506827,0.49154662390330595,0.0,1.0,-0.6940252535316322,0.6488284872942609,"DE     -4.041529e-22
DHI    -4.095718e-22
ALGN   -2.929869e-22
DVA    -4.075270e-22
AXON    1.000000e+00
CINF   -2.948787e-22
INTU   -4.071000e-22
MCHP   -4.049450e-22
FIS    -2.971799e-22
dtype: float64"
36,2018-01-03,2018-07-03,2018-07-05,2018-08-02,11,50,14,6.4660063860849055,0.06846019255519563,0.05566023716887214,0.10652584325886236,0.0,0.08217228208225663,0.677449027512872,0.7662544431842473,"L        0.100000
BRK-B    0.100000
RVTY     0.100000
ETR      0.034624
UNH      0.094980
IEX      0.068563
RSG      0.023049
PCG      0.022228
ETN      0.087365
BXP      0.100000
STLD     0.062226
TT       0.073849
CHD      0.052279
WDAY     0.080836
dtype: float64",6,3.1497406835585586,0.1430680346684944,0.03668897365493118,0.14754606404866125,0.027998698499770866,0.3320639796209406,0.44296199961675353,0.3343432747852966,"VRSK    4.030289e-01
RVTY   -3.245651e-24
HSY     3.962438e-01
J      -3.375927e-23
GEN     2.522441e-02
AXON    2.464897e-02
ADBE   -2.734169e-23
MNST   -1.039321e-23
HSIC    7.508175e-02
DVN     7.577217e-02
LYV    -1.525424e-23
dtype: float64",1,2.7252738808608394,0.317058888124863,0.07386880847015465,0.3519899290532404,0.0,1.0,0.8353720498199507,0.5179464646388087,"VRSK    6.329476e-23
RVTY    2.315258e-22
HSY     1.167591e-22
J       1.195450e-22
GEN     1.122220e-22
AXON    1.000000e+00
ADBE    6.684016e-23
MNST    9.966732e-23
HSIC    1.136624e-22
DVN     1.176044e-22
LYV     5.300880e-23
dtype: float64"
37,2018-02-02,2018-08-02,2018-08-03,2018-08-31,10,50,15,2.312041049606455,0.056467835709953965,0.019280990891350713,0.10645683218030473,0.01021502372753065,0.07792524921699638,0.23479950889406445,0.8701295214001868,"MET     0.066251
WAT     0.074184
ELV     0.100000
PH      0.007934
NVDA    0.073946
SLB     0.075086
HLT     0.073808
NUE     0.038750
NOW     0.020667
SCHW    0.081014
STZ     0.100000
RVTY    0.089785
TMUS    0.050787
APD     0.100000
PHM     0.047787
dtype: float64",9,5.948196559039812,0.05605890591628539,0.03029313411876622,0.06358575005317235,0.0,0.23236233748621182,0.37417739206042083,0.6628813709653117,"VLO     6.991390e-02
PANW    4.743623e-02
HUM     2.465399e-01
WEC     3.826900e-01
GS      9.626082e-02
MAS    -9.892658e-24
ROST    1.762039e-02
NUE     1.083602e-02
KIM     6.166862e-02
CDW     6.703415e-02
dtype: float64",1,6.286659334060059,0.1851391735877251,0.116882579720466,0.22599612879936073,0.0,1.0,1.3696864223456433,0.6767130540154553,"VLO     6.101931e-23
PANW    1.000000e+00
HUM     2.120996e-23
WEC    -8.864827e-23
GS      1.726029e-23
MAS     2.100622e-23
ROST   -3.716631e-23
NUE    -9.314322e-23
KIM    -2.553616e-22
CDW    -9.504816e-23
dtype: float64"
38,2018-03-06,2018-08-31,2018-09-04,2018-10-02,9,50,12,-0.8654345374727881,0.05827832571477421,-0.004868134830319004,0.06846649555039265,0.0,0.08933053167504235,-0.0639409309219887,0.573869230755615,"BKR     0.030730
C       0.100000
PCG     0.095492
MGM     0.051609
LMT     0.100000
AMAT    0.066107
DHR     0.100000
HIG     0.100000
EME     0.072729
BKNG    0.100000
MAS     0.083333
RF      0.100000
dtype: float64",7,0.7172873437692658,0.04999633309627921,0.0030296865020882358,0.05515709465652359,0.0,0.21443080900718886,0.03652118082525907,0.5893591965048192,"XYL     2.700703e-23
NSC     1.401543e-02
DHR     2.822362e-01
CF      4.569425e-02
CBOE    7.655857e-02
APH     1.307771e-01
SYY     2.884137e-01
BK      1.623048e-01
APTV    1.472563e-23
dtype: float64",3,1.105397859267312,0.09228455125011831,0.007361870715558938,0.08685353994173778,0.0,0.43941242874922093,0.08846417972097388,0.21616141296686645,"XYL    -1.407908e-22
NSC     3.967381e-01
DHR     5.839542e-23
CF      7.796954e-02
CBOE   -1.694778e-22
APH    -4.347599e-23
SYY     5.252923e-01
BK      7.540235e-23
APTV   -1.446476e-22
dtype: float64"
39,2018-04-05,2018-10-02,2018-10-03,2018-10-31,10,50,12,-5.306941903159606,0.10553550985141501,-0.0982188062230307,0.23966313927038535,0.0,0.09083197895024298,-1.3293167767617207,0.9015514060976422,"EQT     0.100000
ALB     0.050617
DHR     0.100000
TROW    0.100000
GIS     0.100000
PPG     0.100000
ITW     0.032301
CHTR    0.072187
ETN     0.100000
NDSN    0.100000
INCY    0.044895
TEL     0.100000
dtype: float64",10,-2.903962756636692,0.1427885876628946,-0.04541318618073331,0.19518602008764085,0.0,0.1702383573398996,-0.6049105153883032,0.7962315761068427,"IPG     0.090193
CRL     0.101143
CPB     0.055166
AWK     0.319123
TKO     0.030658
CSX     0.102356
AES     0.059537
GOOG    0.037696
ROL     0.032155
TEL     0.171973
dtype: float64",1,-5.53364046092677,0.4417864232971958,-0.2183698235373598,0.532872018861161,0.0,1.0,-3.232674752551023,0.574584707603281,"IPG    -1.078397e-22
CRL     2.909976e-24
CPB    -1.073839e-22
AWK    -1.081190e-22
TKO     1.000000e+00
CSX    -2.188595e-22
AES    -1.077634e-22
GOOG   -1.078846e-22
ROL     3.021912e-24
TEL     3.267078e-24
dtype: float64"
41,2018-06-05,2018-11-30,2018-12-03,2019-01-03,12,50,10,-5.0269490117003945,0.07716176945166478,-0.10817850039754884,0.278856776849698,9.378909981982986e-09,0.1000000002792047,-1.479559900785549,0.9645539628418599,"TDG     0.1
WRB     0.1
COF     0.1
GPC     0.1
MET     0.1
GILD    0.1
NDSN    0.1
DPZ     0.1
NTAP    0.1
L       0.1
dtype: float64",8,-5.614622203320766,0.11112475429328164,-0.12474373499359159,0.29088408918514097,0.0,0.17145651619801888,-1.7178178190726996,0.9273645762657159,"UPS     6.076620e-02
AOS     6.414732e-24
HST     2.161086e-01
COST    2.563645e-01
ROP     1.311062e-01
MET     2.922479e-02
LKQ    -1.264917e-23
PHM     5.185390e-02
BG      1.604701e-01
QCOM   -8.027562e-24
INTC    2.012601e-24
EFX     9.410564e-02
dtype: float64",1,-4.0243672941167965,0.29359492245791113,-0.1364184778393568,0.4346998419007929,0.0,1.0,-1.9383557790518675,0.7406256333922238,"UPS     1.156063e-22
AOS     7.290102e-24
HST     2.257607e-22
COST    1.000000e+00
ROP     1.723291e-22
MET     1.163307e-22
LKQ     4.495892e-22
PHM     1.176268e-22
BG      3.798894e-24
QCOM    2.290116e-22
INTC    1.192142e-22
EFX     1.153783e-22
dtype: float64"
43,2018-08-03,2019-02-04,2019-02-05,2019-03-06,11,50,11,5.4346537413861515,0.0707839299569381,0.042235805039569696,0.09682757427912039,8.982056570738806e-09,0.0930709381824415,0.5168487596845885,0.7028376781508159,"UNP     9.203997e-02
LLY     1.000000e-01
BAC     1.000000e-01
MPWR    1.000000e-01
EG      6.146554e-02
TKO     8.000193e-02
VZ      6.649255e-02
WRB     1.000000e-01
CRL     1.000000e-01
BRO     1.000000e-01
EQIX    1.000000e-01
MOH    -1.024081e-19
dtype: float64",9,-1.7017888367392058,0.08824512659033688,-0.02081427749308895,0.14940789161811605,0.0,0.1979953255535286,-0.2765834001542217,0.8589076369241073,"BLK     2.592972e-02
CTRA    7.561301e-02
K       2.587032e-01
INCY    6.974372e-02
NVDA    2.249875e-23
AIG     7.562807e-02
EOG    -1.451880e-24
VZ      3.148142e-01
HUM     1.129134e-01
WY      3.612993e-02
SLB     3.052486e-02
dtype: float64",1,1.2853334857692769,0.22262703112893747,0.02420148874416017,0.25941672653076603,0.0,1.0,0.26613996737470647,0.5677528717269454,"BLK     1.072854e-22
CTRA    1.063185e-22
K       1.068162e-22
INCY    1.000000e+00
NVDA    3.290076e-22
AIG     1.074606e-22
EOG     1.071321e-22
VZ      5.158996e-23
HUM     1.071302e-22
WY      1.085586e-22
SLB     1.073239e-22
dtype: float64"
44,2018-09-04,2019-03-06,2019-03-07,2019-04-04,9,50,14,5.7382864416217565,0.04674318738342777,0.051375354560900144,0.1111653315830902,0.011153597943444149,0.08659049057529872,0.6255407840556549,0.9146403138512192,"FE      0.079770
ABBV    0.005519
ZTS     0.100000
MOH     0.011154
TT      0.100000
BDX     0.064607
ISRG    0.089841
CVX     0.100000
VRTX    0.071567
VRSK    0.100000
TSCO    0.059263
HSY     0.025988
TRV     0.100000
EXPD    0.092289
dtype: float64",6,1.1569837305160637,0.1004292779334512,0.007510771172149822,0.08442641641296102,0.0,0.35220304564682453,0.09055217042723558,0.5253270265362907,"CRL     2.026268e-23
HOLX    2.048959e-23
FFIV    9.416099e-02
ISRG    1.462656e-23
HRL     9.409624e-02
WAB     1.080973e-02
WFC     2.592607e-01
MTCH    2.543321e-02
AEP     5.162391e-01
dtype: float64",3,1.4785754494729357,0.10308445701978818,0.01229773302507664,0.10792951022848962,0.0,0.5676525101869198,0.14793314491932122,0.5719396158258758,"CRL    -7.183835e-23
HOLX    6.935458e-01
FFIV   -6.535528e-23
ISRG   -1.523859e-22
HRL     7.998078e-23
WAB    -3.179023e-23
WFC    -9.566923e-24
MTCH    1.235545e-02
AEP     2.940987e-01
dtype: float64"
45,2018-10-03,2019-04-04,2019-04-05,2019-05-06,9,50,14,2.9479880048267937,0.07346034625203125,0.0245732074759879,0.10561137371116741,0.10527630532343149,0.08680432479496,0.30018730061664145,0.7208032959212848,"SYY     6.841850e-02
ABBV    8.480785e-02
DVA     4.462172e-02
HSY    -4.949103e-19
KKR     1.000000e-01
GL      1.000000e-01
DIS     1.000000e-01
TFC     7.692598e-03
DLR     3.464327e-02
UNP     7.125208e-02
PH      1.000000e-01
CLX     6.710610e-03
MDT     1.000000e-01
CCL     8.751960e-02
HRL     9.433378e-02
dtype: float64",7,7.679845635017826,0.10563783023175755,0.08262324486622297,0.13155864010154394,0.0,0.21422751623536324,0.9930423721473559,0.5998717242832227,"TMUS     2.688780e-01
CMCSA    4.091449e-02
CAG      7.194656e-02
ZBRA     2.976166e-24
DIS      2.152173e-01
IFF      2.778242e-01
AME     -1.432324e-23
DECK     1.938305e-02
BR       1.058363e-01
dtype: float64",2,2.448608951935667,0.16138102630803136,0.03357771132453724,0.17610970845610624,0.0,0.5755752363258417,0.40020917923590743,0.4003513955559878,"TMUS    -3.479213e-23
CMCSA   -1.346907e-23
CAG     -3.495675e-23
ZBRA     3.056096e-01
DIS     -3.481743e-23
IFF      6.258338e-23
AME      2.259568e-23
DECK     6.943904e-01
BR      -4.603506e-23
dtype: float64"
46,2018-11-01,2019-05-06,2019-05-07,2019-06-05,10,50,11,-1.1070468920853707,0.06938106523171228,-0.01810167978734767,0.1920112992702506,0.0,0.0927067194180263,-0.24943385114985464,0.9354064119218886,"MGM     0.072165
CTSH    0.100000
AXP     0.100000
WY      0.100000
SWK     0.085076
HAL     0.065424
T       0.100000
TRGP    0.077335
PSX     0.100000
GD      0.100000
SHW     0.100000
dtype: float64",6,1.89400533615566,0.06989637320145302,0.02297147374709896,0.15737229864607755,0.0,0.2528274504636844,0.2732979330176028,0.9073081046721875,"MA      1.174183e-22
ECL     3.504441e-01
WFC     2.906754e-01
PWR     1.918724e-23
ACN     2.332218e-02
GD      9.688316e-02
DXCM    8.834025e-23
MAR     5.970944e-02
PRU    -8.354043e-24
KIM     1.789658e-01
dtype: float64",2,2.6700957552863818,0.15113148243390026,0.050295640901023786,0.2423305268849478,0.0,0.7464348051291902,0.5883216269514752,0.788962073249209,"MA      8.510234e-01
ECL     1.489766e-01
WFC    -1.817671e-23
PWR     7.213355e-24
ACN    -9.608320e-23
GD     -2.544315e-23
DXCM    3.691253e-22
MAR     6.420904e-23
PRU     1.354667e-23
KIM    -6.839020e-23
dtype: float64"
47,2018-12-03,2019-06-05,2019-06-06,2019-07-05,11,50,13,8.305509929121655,0.05142654652727901,0.05233430780602588,0.07783118754262906,0.01899515068300006,0.08014924710112314,0.6403700071763394,0.79436603610392,"SLB     0.075161
IFF     0.067627
AMGN    0.090838
SWK     0.066081
HSIC    0.057193
PPG     0.056483
FITB    0.083273
UAL     0.100000
MDT     0.088521
NI      0.100000
ELV     0.053111
CAT     0.090356
CNP     0.071356
dtype: float64",9,2.3163614728353434,0.09456084799912128,0.01501424588014455,0.08249046739667452,0.0,0.2690574756777087,0.18427306334251506,0.3395587043162684,"CVS     1.334094e-01
FISV    3.017164e-02
HSIC    7.813915e-02
IDXX    1.047293e-23
WY      4.114742e-02
HST     1.056241e-01
META    6.561010e-03
REG     8.426039e-02
CHTR    4.975675e-02
ED      4.709301e-01
CBRE    2.058604e-23
dtype: float64",2,5.987656841771247,0.1294911309873315,0.07640118002449214,0.15716969504329323,0.0,0.9187152182712823,0.9163758868050733,0.568650517446146,"CVS    -1.428731e-22
FISV    1.923710e-23
HSIC    7.893335e-23
IDXX    9.575561e-01
WY      8.269993e-23
HST    -3.660710e-23
META    4.244387e-02
REG     7.080583e-23
CHTR   -9.659266e-24
ED      9.847011e-23
CBRE    7.453811e-23
dtype: float64"
48,2019-01-04,2019-07-05,2019-07-08,2019-08-05,9,50,11,-3.8777836218754413,0.07107466149412367,-0.04121794385192268,0.13440022928698525,0.0,0.09411775476016457,-0.5392384295377696,0.8604269274092942,"WDAY    0.100000
UHS     0.100000
COP     0.100000
KDP     0.100000
TXT     0.100000
PKG     0.079214
MTB     0.100000
SW      0.043836
USB     0.100000
SPG     0.100000
DHI     0.076950
dtype: float64",8,-3.786750099653557,0.08573291775386577,-0.03330143917638195,0.1110426409686084,0.0,0.23988135222154378,-0.4328211998669553,0.772830176112564,"CCL     6.164181e-02
IT      1.782400e-02
HON     2.593942e-01
PKG    -7.832871e-23
ROST    7.485003e-02
IRM     3.983789e-02
APTV    1.095651e-02
PSA     3.620643e-01
APD     1.734312e-01
dtype: float64",1,-3.03209893118178,0.1454025219514999,-0.03613510208797088,0.14930098304351214,0.0,1.0,-0.4749861346483813,0.4794960829757286,"CCL    -8.845177e-24
IT     -3.430343e-23
HON    -8.988676e-23
PKG    -2.721726e-24
ROST   -7.131379e-24
IRM    -1.061965e-23
APTV   -1.169836e-22
PSA    -1.206183e-23
APD     1.000000e+00
dtype: float64"
49,2019-02-05,2019-08-05,2019-08-06,2019-09-04,11,50,12,-0.4168811322481166,0.07249010335675404,-0.01023891590315551,0.24323215088106304,0.02078600531821785,0.09481652770935448,-0.1605607736806705,0.9591936949313717,"PKG     0.100000
HST     0.100000
BEN     0.100000
FITB    0.100000
WFC     0.100000
WAB     0.022849
WDAY    0.100000
VRTX    0.100000
KEY     0.064250
STX     0.100000
URI     0.012901
NKE     0.100000
dtype: float64",7,2.6946232244100288,0.06150931043320248,0.04123346490852864,0.19594415770584261,0.0,0.16473354392262657,0.4896015651025727,0.9566460210243591,"J       1.260104e-01
ZTS     1.446581e-01
CLX     2.032447e-01
ABT     2.037841e-02
WTW     1.116489e-23
REGN    1.471901e-22
GL      1.852481e-01
DHR     1.437831e-01
AVY    -1.820894e-23
AJG     1.766771e-01
NKE    -5.650210e-23
dtype: float64",1,3.043138533130899,0.11780595909469357,0.052983652290545136,0.22172195115196922,0.0,1.0,0.6255699895688882,0.8526237243812369,"J      -6.018498e-23
ZTS     1.000000e+00
CLX    -1.012292e-22
ABT    -1.040430e-22
WTW    -2.134380e-22
REGN   -1.028960e-22
GL     -2.128119e-22
DHR    -3.663004e-22
AVY    -2.133995e-22
AJG    -4.638961e-23
NKE    -1.019845e-22
dtype: float64"
50,2019-03-07,2019-09-04,2019-09-05,2019-10-03,9,50,10,-0.32291346849301,0.06687137210296697,-0.003932460060211196,0.12911482030953167,0.035742781603591914,0.10000093514784633,-0.058363551283565254,0.8596342725209161,"D       0.099997
TFC     0.100010
ADI     0.100008
HUBB    0.100001
NXPI   -0.000005
TECH    0.099998
CRL     0.099999
TRMB    0.099998
VRTX    0.100000
KEY     0.099992
HOLX    0.100001
dtype: float64",7,-1.8352306437835386,0.09340839576841656,-0.015163117776173962,0.10215519730307501,0.0,0.278653940017249,-0.19791403284838693,0.573276657125978,"D       3.668367e-01
GEN     9.647931e-23
HSY     3.465150e-01
AON     2.646657e-02
PSX     8.495776e-02
FSLR    3.866943e-03
MCO     5.924686e-02
PFG     1.924346e-22
F       1.121102e-01
dtype: float64",1,-1.7970849359752652,0.2212450329707193,-0.030068885379195387,0.20303242960755016,0.0,1.0,-0.40608868823453165,0.05608105812399813,"D       1.218194e-22
GEN     1.266482e-22
HSY     1.000000e+00
AON     6.660453e-23
PSX     2.367600e-22
FSLR    2.384413e-22
MCO     1.790607e-22
PFG     1.249363e-22
F       1.275632e-22
dtype: float64"
52,2019-05-07,2019-11-01,2019-11-04,2019-12-03,9,50,11,3.203140308292022,0.07492672735241236,0.026119996294297065,0.10306453247403391,0.016296414273837892,0.09267312911481898,0.3195078604687589,0.6892083556519497,"RSG     0.100000
NI      0.095277
TECH    0.083702
CI      0.076530
BDX     0.100000
CLX     0.060127
APH     0.100000
HLT     0.100000
DIS     0.100000
TMO     0.084365
AVGO    0.100000
dtype: float64",7,0.06107545351756893,0.10838907944374304,0.00010639091470454609,0.10089599626777514,0.0,0.21480935346631255,-0.004017733332705586,0.20199642317347752,"BLK    -2.312662e-23
WBD     4.481226e-02
CDW     6.321574e-02
XOM     2.583370e-01
IQV     1.273685e-01
RVTY    2.427056e-24
HLT     1.314152e-01
ERIE    4.901052e-02
SJM     3.258409e-01
dtype: float64",1,0.8813979320389005,0.19589305378807703,0.012964410558082395,0.20718973068474575,0.0,1.0,0.13968901566401415,0.32593383398714293,"BLK     2.231392e-22
WBD     1.120906e-22
CDW     1.000000e+00
XOM     8.156041e-25
IQV     1.674323e-22
RVTY    2.232917e-22
HLT     2.229226e-22
ERIE    3.343232e-22
SJM     2.224948e-22
dtype: float64"
53,2019-06-06,2019-12-03,2019-12-04,2020-01-03,9,50,10,7.408240548006207,0.058431082328106294,0.05260286730897534,0.08779760478066519,0.0,0.10000000027919874,0.6427173563487255,0.7502454871982694,"CBRE    0.1
TRGP    0.1
UDR     0.1
ATO     0.1
VTRS    0.1
AON     0.1
KDP     0.1
NWSA    0.1
WAT     0.1
MMM     0.1
dtype: float64",7,8.063602414606759,0.061894505223439394,0.047149480184612846,0.07238131766245584,0.0,0.2059522393163038,0.5784151127288445,0.6352292021934485,"PAYC    1.636083e-23
EMR     8.638304e-02
CCI     2.870035e-01
BLDR    3.257124e-02
HIG     2.572719e-01
ADBE    2.655734e-02
BMY     1.501997e-01
KEYS    1.585029e-24
MMM     1.600133e-01
dtype: float64",1,0.08500488293871931,0.21496277791585572,-3.3306690738754696e-16,0.17872697297793627,0.0,1.0,-0.016750665453874842,-0.3471501435619947,"PAYC    2.973835e-22
EMR     3.520236e-22
CCI     3.538848e-22
BLDR    1.000000e+00
HIG     2.418806e-22
ADBE    2.436335e-22
BMY     3.535013e-22
KEYS    2.942491e-22
MMM     2.411712e-22
dtype: float64"
54,2019-07-08,2020-01-03,2020-01-06,2020-02-04,9,50,15,1.2974505768278952,0.04357271740698281,0.012244909590098052,0.12387172704043757,0.019471888200866733,0.08124075990890789,0.14537323894130266,0.9428382750071028,"XOM     0.100000
ATO     0.080528
ADI     0.100000
IDXX    0.038731
VMC     0.040750
WRB     0.083809
CBRE    0.100000
HOLX    0.052137
ADP     0.100000
MCK     0.045362
CMG     0.017806
AVB     0.100000
NWS     0.049455
UNP     0.083484
CCI     0.007938
dtype: float64",5,1.9740042595855107,0.1148576837179837,0.019236900387580302,0.12548238648072962,0.0,0.392394297516781,0.23195693609901638,0.5987679587654076,"ADSK    7.065675e-23
HSIC    1.696355e-01
IQV     6.976560e-02
PEG     5.850763e-01
ADP     1.104821e-01
CFG     6.504047e-02
MPC     8.283815e-23
TGT    -2.609121e-22
NVDA    2.213927e-22
dtype: float64",2,0.984755843441633,0.17864780537193364,0.01884004203315781,0.2758421713752849,0.0,0.6986024617105542,0.19554828662040813,0.8494331988295329,"ADSK    4.190032e-22
HSIC    3.032834e-22
IQV     2.906900e-22
PEG     2.784653e-22
ADP     1.758600e-22
CFG     2.921734e-22
MPC     3.038350e-22
TGT     1.848790e-01
NVDA    8.151210e-01
dtype: float64"
55,2019-08-06,2020-02-04,2020-02-05,2020-03-05,11,50,10,-4.341986162432008,0.09278406772809165,-0.11297192618600105,0.3346023724161438,0.0,0.10000000027920572,-1.5647976185743295,0.9655922891820362,"CVX     0.1
HSIC    0.1
ICE     0.1
F       0.1
GLW     0.1
LHX     0.1
RF      0.1
TRV     0.1
WMB     0.1
PKG     0.1
dtype: float64",9,-0.8948906756141662,0.14784798032589594,-0.028588231330970104,0.3450976736624652,0.0,0.2619717094482621,-0.42791709470392586,0.9112833374423933,"GE      1.674825e-02
DHI     5.184356e-02
DPZ     1.156752e-01
MAS     5.441313e-23
UNH     5.046713e-02
IPG     6.995844e-02
WMB     9.989907e-02
AEP     4.657726e-01
CTAS    2.703624e-02
MOS     2.778318e-22
COO     1.025995e-01
dtype: float64",2,-5.318866829210239,0.18431309531550133,-0.14270242239389774,0.35210432902929134,0.0,0.5057745130094268,-1.996773494616393,0.864263416866953,"GE      5.537332e-01
DHI     4.462668e-01
DPZ     2.943501e-22
MAS    -4.548788e-23
UNH     1.314785e-22
IPG     2.296293e-22
WMB     2.365269e-22
AEP     1.020881e-22
CTAS    3.136956e-22
MOS     5.668548e-23
COO     2.655267e-22
dtype: float64"
56,2019-09-05,2020-03-05,2020-03-06,2020-04-03,9,50,11,-2.8835192887553016,0.31886468385213007,-0.25389492520897383,1.0762363478679258,0.0,0.09346535161733216,-4.261632944808816,0.9613867786515696,"NEM     0.066180
BG      0.100000
TPR     0.100000
CF      0.075024
PG      0.100000
KIM     0.058796
STE     0.100000
EXC     0.100000
EL      0.100000
MCD     0.100000
APTV    0.100000
dtype: float64",7,-2.4307514468085625,0.3647100495063937,-0.23706193540042642,1.136936339754641,0.0,0.2137914245907158,-4.0562338934425055,0.9594802959042247,"UHS     1.333380e-01
DLR    -5.046864e-23
PHM     1.237409e-01
APO     1.870776e-01
AMP    -1.448972e-23
PG      3.400358e-01
CCL     3.728975e-02
TRV     1.691132e-01
ALGN    9.404785e-03
dtype: float64",2,-3.9818202184397156,0.88605713449246,-0.42551321198173675,1.4718655245136312,0.0,0.5058445569530113,-8.02709202658454,0.8233076011813685,"UHS     6.122009e-23
DLR     4.141489e-23
PHM     4.459419e-01
APO     1.160618e-22
AMP     3.952637e-23
PG      3.810930e-23
CCL    -1.445405e-22
TRV     5.120593e-23
ALGN    5.540581e-01
dtype: float64"
57,2019-10-04,2020-04-03,2020-04-06,2020-05-05,11,50,11,2.047225553439335,0.08054035822499968,0.04454948796735447,0.2877467485993729,0.0,0.09428707730149449,0.5062843053222096,0.9640111251357683,"VZ      0.100000
CPB     0.083234
DG      0.100000
BALL    0.041921
FIS     0.100000
PG      0.100000
INTU    0.100000
TDY     0.100000
AWK     0.074845
ABT     0.100000
WDC     0.100000
dtype: float64",6,3.816343277128363,0.22522835204169578,0.05733252672520339,0.1887170594992486,0.34003575140666703,0.3758385165900538,0.6845949527533478,0.6693296320784582,"LOW     4.321006e-23
EXPE    6.033926e-02
EFX     9.702500e-02
GM      9.010252e-03
PNC     1.359849e-23
PG      3.993887e-23
FICO    4.101415e-23
HRL     5.288096e-01
TKO     1.711803e-02
EA      2.876979e-01
BAC     5.849524e-23
dtype: float64",2,-0.320327889988524,0.31159286902222233,-0.007006956743977777,0.21106472270501464,7.657500209652074e-23,0.6590266210771825,-0.11215823444565498,0.30542826526551936,"LOW     9.878207e-23
EXPE    2.569146e-22
EFX    -4.146857e-23
GM      3.316865e-23
PNC     9.453862e-24
PG     -3.846570e-23
FICO   -5.025446e-24
HRL     7.819810e-01
TKO    -1.915328e-22
EA      2.180190e-01
BAC    -5.131110e-23
dtype: float64"
61,2020-02-05,2020-08-04,2020-08-05,2020-09-02,9,50,13,3.4458740718763634,0.10775158752065045,0.032735138260787666,0.11984884813826788,0.0,0.09121883399816752,0.39862029194383547,0.5147820878750828,"PLD     1.000000e-01
KDP     1.000000e-01
BAX     1.000000e-01
CVS     1.000000e-01
APO     2.620195e-02
ETN     8.294962e-02
TJX     5.334259e-02
TGT     1.000000e-01
KMB     1.000000e-01
ES     -4.366650e-20
LRCX    1.000000e-01
ITW     9.763764e-02
MLM     3.539978e-02
CMS    -3.255513e-20
PKG    -2.940223e-20
SWK     4.468414e-03
dtype: float64",5,8.200452215360782,0.1345104776295366,0.07947759843488122,0.11854143165394483,0.0,0.3272703272652793,0.9580412748000638,0.21606230851477146,"MTB     2.738907e-24
EMR     8.887298e-02
BAX     5.164761e-01
LULU    1.397261e-01
ERIE    1.100316e-01
TRGP    1.886494e-23
LHX     1.448933e-01
PAYC    2.398873e-23
LH      1.022926e-22
dtype: float64",2,7.732756535929101,0.1473790234138525,0.09756562173152239,0.15348690417898564,0.0,0.508260086566339,1.1633186317151256,0.3702788688560432,"MTB     1.882389e-22
EMR     9.929635e-23
BAX     1.868343e-25
LULU    5.642654e-01
ERIE    4.357346e-01
TRGP    2.250215e-23
LHX    -1.142297e-25
PAYC    8.371747e-23
LH     -5.146466e-23
dtype: float64"
62,2020-03-06,2020-09-02,2020-09-03,2020-10-02,8,50,15,-0.01744470770173823,0.12371045896099174,-0.001730580618414912,0.19628506064480875,0.0,0.08638521606961855,-0.041951960541502895,0.8202025951555211,"XEL     1.000000e-01
BAX     1.000000e-01
COF    -2.763594e-21
NOC     1.000000e-01
HST     1.366655e-03
SPG     1.330820e-02
EIX     5.792263e-02
CTSH    4.974461e-02
UHS    -6.582064e-21
HAS     4.119846e-02
PAYC    8.804348e-02
MDT     1.000000e-01
ULTA    1.042651e-02
VRTX    1.000000e-01
BAC     1.289347e-20
DOC    -4.159777e-21
LDOS    9.447471e-02
STLD    4.351475e-02
NVR    -1.100412e-21
NUE     1.000000e-01
dtype: float64",5,-0.864383974775952,0.2149388373366119,-0.022138628540718686,0.28242728286339397,0.0,0.6493833394428555,-0.3238907874522321,0.6560374831712715,"EBAY    7.934358e-01
EQT     4.017951e-03
BK      1.176533e-02
HST     6.809881e-02
NVDA    1.176196e-22
SHW     1.226821e-01
DHI    -5.525525e-23
CTAS   -5.544567e-23
dtype: float64",2,-2.014902243973086,0.28131048232768024,-0.06833752020481632,0.40335895178785586,0.0,0.5117445783766237,-0.9754273010713804,0.7504350161873906,"EBAY   -1.009300e-22
EQT     4.233691e-01
BK     -4.590483e-23
HST    -1.534183e-22
NVDA    5.766309e-01
SHW    -3.869885e-23
DHI    -8.582958e-23
CTAS   -4.286516e-23
dtype: float64"
63,2020-04-06,2020-10-02,2020-10-05,2020-11-02,9,50,12,-0.453382263896075,0.12436973673633432,-0.010873644905345592,0.24202226315680886,0.04207737097418914,0.09489361889588102,-0.16830337744682927,0.858038792385258,"LVS     3.524597e-02
MTB     4.495136e-03
FISV    1.000000e-01
EIX     1.000000e-01
JNJ     1.000000e-01
ES      1.000000e-01
HIG     6.025889e-02
CDW     1.000000e-01
JBL     1.000000e-01
WFC     1.030725e-19
SYK     1.000000e-01
IBM     1.000000e-01
ESS     1.000000e-01
dtype: float64",3,-0.8191255499342439,0.09291905478642942,-0.014142055302302503,0.1962340921162865,0.0,0.5216697537721275,-0.1992481775293035,0.8925357891228164,"GNRC   -7.476916e-24
PFG     7.535811e-24
LVS     1.306078e-02
XEL     3.621786e-01
TT     -3.254677e-24
ADSK    1.307486e-23
EXPD    6.247606e-01
BLDR   -1.779395e-23
PPL     2.822922e-23
dtype: float64",2,-0.21691987955879413,0.29134852293638525,-0.009230169600310645,0.3191012331591258,0.0,0.6252418771596979,-0.17104499806761503,0.44928279166303653,"GNRC    2.497582e-01
PFG     1.086877e-22
LVS    -7.237932e-23
XEL     1.303771e-23
TT      1.454178e-22
ADSK    6.941096e-23
EXPD    7.218501e-23
BLDR    7.502418e-01
PPL     8.876781e-23
dtype: float64"
64,2020-05-06,2020-11-02,2020-11-03,2020-12-02,10,50,13,5.061521370236781,0.22866456143918726,0.12578709605335625,0.30432247042987437,0.004495135978867682,0.08966849062826751,1.4477225215155183,0.6811773294340305,"VZ       1.000000e-01
GM       5.411486e-02
BSX      1.000000e-01
BA       1.619764e-02
LUV      1.110747e-20
GOOGL    1.000000e-01
FRT      6.003457e-02
CFG     -6.086819e-20
KEYS     1.000000e-01
VLO      1.986328e-02
SMCI     1.000000e-01
MMM      1.000000e-01
MTB     -4.746311e-20
ED       1.000000e-01
EQR      1.000000e-01
PFG      4.978965e-02
dtype: float64",6,2.355651172956014,0.1631484948300099,0.02888065239246096,0.15738677338958626,0.0,0.22637297046468374,0.34597774090495625,0.4574467306836937,"NVR    -2.092039e-24
CSGP   -6.443833e-23
PCAR    2.248713e-01
KEYS    1.367207e-01
FDX     2.961904e-23
VRSK    3.057420e-01
APA     3.856195e-23
TSCO    2.443470e-01
CCI     4.031418e-02
VRTX    4.800486e-02
dtype: float64",1,2.427825482990527,0.3529592881219296,0.06280957067882165,0.3393405724254739,0.0,1.0,0.7087076650531097,0.14048478867161168,"NVR    -1.964959e-22
CSGP   -2.977172e-22
PCAR   -1.909212e-22
KEYS   -2.921109e-22
FDX     1.000000e+00
VRSK   -2.961997e-22
APA    -2.697381e-22
TSCO   -2.883096e-22
CCI    -4.111653e-22
VRTX   -2.831249e-22
dtype: float64"
65,2020-06-05,2020-12-02,2020-12-03,2021-01-04,8,50,13,2.6255849932714894,0.07710976932167939,0.030397279261770827,0.147747460252464,0.0,0.08625966027125334,0.3660942024217919,0.8780661259085971,"SWKS    0.100000
HAL     0.013297
AMCR    0.077062
VTRS    0.032431
PEP     0.100000
NRG     0.082426
NDSN    0.085156
NDAQ    0.100000
ARE     0.100000
AMGN    0.100000
STT     0.081769
ALL     0.073593
NEM     0.054266
dtype: float64",6,0.6745251438572997,0.0783267022748773,0.007068735235978396,0.14672165783862948,0.0,0.25085245312931737,0.07744020248166719,0.8672889839067711,"TPL     2.130574e-23
EQIX    2.508475e-01
CVS     1.036888e-01
GNRC    4.384260e-02
STZ     1.338009e-01
NRG     7.911358e-02
AWK     3.887065e-01
CFG    -7.021881e-24
dtype: float64",1,2.532808426316593,0.41470456787861354,0.08179976672973854,0.4256781590181089,0.0,1.0,0.8969593329949543,0.22569780223934827,"TPL    -2.645777e-22
EQIX   -2.558823e-22
CVS    -1.586207e-22
GNRC    1.000000e+00
STZ    -2.730988e-22
NRG    -1.579361e-22
AWK    -2.633816e-22
CFG    -2.679009e-22
dtype: float64"
66,2020-07-07,2021-01-04,2021-01-05,2021-02-03,9,50,11,0.36378657996546815,0.10006515557800363,0.0034084639878340095,0.14557197546867645,0.0,0.09488493469333739,0.03176593105271389,0.8114092389953651,"FIS     0.100000
SBAC    0.062769
VRSN    0.100000
META    0.100000
MSFT    0.100000
GIS     0.096263
AON     0.100000
CTRA    0.040967
T       0.100000
BRO     0.100000
CAH     0.100000
dtype: float64",6,0.08300307449801828,0.17099316357288244,0.0002591495562422885,0.11590951824958232,0.0,0.30287293277379773,-0.003814170042550767,0.33754868431744467,"CAT     1.323704e-01
WEC     4.935667e-01
EMR     2.303519e-23
WFC     5.512541e-02
CTRA    7.087586e-02
MPWR    8.586378e-02
PH      2.859217e-23
MET     2.669680e-23
FAST    1.621978e-01
dtype: float64",3,0.3214121917642097,0.26560392839406544,0.004194553019424951,0.37909103078425965,0.0,0.3833466267909464,-0.0218655305385501,0.7902930969555394,"CAT     1.913591e-01
WEC    -1.865620e-22
EMR    -1.570395e-22
WFC    -2.172116e-22
CTRA   -2.035883e-22
MPWR    5.037646e-01
PH      3.048764e-01
MET    -1.195003e-22
FAST   -8.295094e-23
dtype: float64"
67,2020-08-05,2021-02-03,2021-02-04,2021-03-05,9,50,13,0.7436500057232364,0.08073824992576621,0.008523083622221872,0.16018342935930496,0.0,0.09292974724400087,0.09346167711850731,0.8838094782603705,"BMY     0.100000
MNST    0.100000
CLX     0.025800
CAG     0.100000
MO      0.100000
AZO     0.100000
PHM     0.012431
GEN     0.095583
FTNT    0.100000
INCY    0.013305
XOM     0.100000
AAPL    0.100000
AMD     0.052881
dtype: float64",7,-0.2098566338368307,0.11135493121145414,-0.004791977801620884,0.19888207805233646,0.0331684389094368,0.3668779622101941,-0.0812908044009528,0.8292401563257293,"ALGN   -3.584669e-23
WFC     8.829385e-02
UAL     6.094618e-03
HCA     1.260221e-01
SHW     5.642522e-01
HLT     7.451503e-02
PHM     2.165367e-03
INTU    1.386568e-01
LRCX    2.652790e-24
dtype: float64",1,-4.559363243172335,0.31570623607654236,-0.12793412219195965,0.3630679358270175,1.8741164905632733e-22,1.0,-1.7871769274098472,0.4943164533644993,"ALGN    1.000000e+00
WFC    -2.979990e-23
UAL    -5.981326e-23
HCA    -9.778562e-23
SHW     1.919597e-24
HLT     2.604667e-23
PHM     5.618148e-23
INTU    8.343384e-23
LRCX    2.660699e-23
dtype: float64"
68,2020-09-03,2021-03-05,2021-03-08,2021-04-06,11,50,11,4.543303306955599,0.0864142123383883,0.04831969031530248,0.13286494968286666,0.0,0.09852099883383841,0.5859926704184266,0.7774199856572793,"MAA     0.100000
V       0.100000
FISV    0.100000
NVR     0.100000
SYK     0.100000
FDS     0.100000
UNH     0.100000
HSIC    0.100000
REGN    0.100000
LEN     0.008042
STE     0.091958
dtype: float64",8,6.413608834995746,0.12760911429203206,0.06477871276669123,0.12465301605907925,0.0,0.22399709649214106,0.7839373106927522,0.4786442754162213,"NOC     1.807484e-01
D       3.729839e-01
TPR     2.488268e-03
NWSA    2.069600e-02
EG      1.623942e-23
GNRC    6.903986e-02
CPT     6.015002e-02
ABBV    1.570557e-01
CVX     6.964367e-24
SBUX    1.368380e-01
LEN    -8.719214e-25
dtype: float64",1,-0.49516437894138016,0.42455944011637353,-0.024801117891751656,0.44602955252475956,0.0,1.0,-0.41980030809086155,0.30769117264523926,"NOC    -3.639654e-23
D      -3.805074e-23
TPR     1.000000e+00
NWSA   -8.972318e-23
EG     -2.955450e-23
GNRC   -2.563951e-22
CPT    -3.358279e-23
ABBV   -3.676175e-23
CVX    -2.584305e-23
SBUX   -3.420619e-23
LEN     7.843818e-23
dtype: float64"
69,2020-10-05,2021-04-06,2021-04-07,2021-05-05,8,50,12,5.221192019319424,0.0720719008432871,0.027174496461739528,0.06513161812349925,0.0,0.089077163844166,0.33582255707238934,0.6616298992788264,"NTRS    1.000000e-01
AIZ     6.049597e-02
GIS     1.000000e-01
CMS     4.417704e-02
VZ      1.000000e-01
LHX     8.742721e-02
RCL     5.321093e-02
ALLE    5.468885e-02
PPL     2.052594e-20
XEL     1.000000e-01
INCY    1.000000e-01
DGX     1.000000e-01
AMD     1.000000e-01
dtype: float64",5,1.9627845288057568,0.08989168318303972,0.01783649040198121,0.11684300819873249,0.0,0.2942013407510976,0.21568536022666726,0.6593336257491298,"V       6.644278e-02
MHK    -5.118062e-23
SMCI    1.733285e-23
EMR     2.496279e-01
LOW     1.460456e-01
HST    -7.204483e-25
ARE     4.442756e-01
AMD     9.360808e-02
dtype: float64",1,4.441537844042773,0.32896661843112807,0.13431777496087882,0.3732745999913151,0.0,1.0,1.518579335082678,0.5624375967248828,"V      -8.694013e-23
MHK     1.000000e+00
SMCI   -8.943207e-23
EMR    -1.483006e-22
LOW    -8.703832e-23
HST    -1.518841e-22
ARE    -1.970885e-22
AMD    -8.437927e-23
dtype: float64"
71,2020-12-03,2021-06-04,2021-06-07,2021-07-06,9,50,12,4.246103893598661,0.038326144190052,0.03215650044651519,0.09500411302163415,0.0,0.08872198479955255,0.39437155271802055,0.9151199739056635,"JKHY    0.057072
ATO     0.042760
PAYC    0.087674
ABBV    0.100000
WMT     0.100000
AMCR    0.100000
IBKR    0.095220
AMT     0.100000
EG      0.100000
KEYS    0.100000
DHR     0.056879
MTD     0.060395
dtype: float64",8,-0.47099549508479177,0.07410727929086551,-0.005950806151142407,0.1398447697480347,0.0,0.25100589242594445,-0.08542281618837516,0.8853630768030598,"DOV     1.376282e-01
LNT     4.288572e-01
NVR     5.314418e-02
CVX     1.727800e-01
MA      1.014499e-03
AOS     1.696359e-23
AMCR    4.126356e-02
MPWR    7.555473e-02
TSCO    8.975772e-02
dtype: float64",1,1.626718158140779,0.1941330259711728,0.028697808586686024,0.23540721476956633,0.0,1.0,0.327524634057435,0.6141491361965717,"DOV    -1.114387e-22
LNT    -2.222472e-22
NVR    -2.223222e-22
CVX    -2.224649e-22
MA     -2.226843e-22
AOS    -2.709861e-22
AMCR   -3.174033e-25
MPWR   -2.230478e-22
TSCO    1.000000e+00
dtype: float64"
72,2021-01-05,2021-07-06,2021-07-07,2021-08-04,8,50,11,-2.715038265994911,0.07004812617371588,-0.028778028445911596,0.1323446908211681,0.0,0.09546228150486599,-0.3768360170692874,0.849229290064656,"CL      0.100000
CAG     0.078650
ZBRA    0.100000
JPM     0.100000
HST     0.091607
XOM     0.100000
DLR     0.100000
V       0.100000
GIS     0.100000
CCL     0.029743
O       0.100000
dtype: float64",8,5.3417069760216425,0.07765554923187207,0.054219320330742615,0.12612079749069752,0.0,0.24082417041343812,0.6577938882177823,0.798732405016327,"CNP    0.012695
PFG    0.042024
LVS    0.030985
PFE    0.350416
DLR    0.204029
MCD    0.259316
ALB    0.025578
REG    0.074957
dtype: float64",1,-0.0007113640550231275,0.23567574293627697,-0.003635768155510255,0.3099917663075633,0.0,1.0,-0.09631541217838728,0.7470502150562771,"CNP    2.583942e-22
PFG    1.279689e-22
LVS    2.069949e-22
PFE    1.965244e-22
DLR    2.498458e-22
MCD    1.989834e-22
ALB    8.922879e-23
REG    1.000000e+00
dtype: float64"
74,2021-03-08,2021-09-02,2021-09-03,2021-10-04,8,50,14,-4.691052846798107,0.05810839604974819,-0.05020535583559649,0.13628925898948865,0.0,0.08540557369163315,-0.6579148784865492,0.9155133525590335,"AKAM    0.100000
JBHT    0.100000
PH      0.100000
BBY     0.043079
GLW     0.048901
ULTA    0.065478
VZ      0.100000
APTV    0.022856
MNST    0.100000
MTCH    0.028172
TYL     0.100000
AMAT    0.071907
LYB     0.019607
EA      0.100000
dtype: float64",8,-7.546366777691775,0.06656885282108232,-0.08101294342190712,0.13953490933864024,0.027300580226194186,0.23086620831997484,-1.072451595085491,0.890247253053005,"HCA     0.010912
ACN     0.316114
BBY     0.008864
VRTX    0.188251
INTC    0.059866
LH      0.289180
WY      0.068528
LVS     0.058286
dtype: float64",1,-4.321355771326744,0.12159108710626078,-0.06943732632484645,0.20483534455057287,6.4761127285331335e-22,1.0,-0.9271239167224721,0.8121031440159207,"HCA    -1.080988e-22
ACN     1.000000e+00
BBY    -1.082078e-22
VRTX    2.696832e-25
INTC    2.236093e-22
LH      8.310541e-23
WY      1.920463e-24
LVS    -4.406163e-22
dtype: float64"
75,2021-04-07,2021-10-04,2021-10-05,2021-11-02,9,50,11,1.597519858146087,0.11196369674049968,0.018446465657982802,0.15106046807087573,0.0,0.09782093416319482,0.21850283251027483,0.68067177990006,"MKC     0.100000
GM      0.096193
NWS     0.100000
KLAC    0.091778
ON      0.012029
VZ      0.100000
PODD    0.100000
CPAY    0.100000
LNT     0.100000
IP      0.100000
MCHP    0.100000
dtype: float64",9,5.557259894560912,0.12839476016363546,0.06443499069359526,0.14355957296002939,0.007285946168501376,0.195443736979933,0.7771885063025965,0.46627201821448677,"DECK    0.001877
EXR     0.267111
BBY     0.001578
CMI     0.125233
NFLX    0.252401
WFC     0.047172
F       0.022090
WAT     0.109075
IP      0.173463
dtype: float64",2,9.609138683885904,0.22251272766468363,0.20143644077899103,0.24465423100733694,1.7448674886736988e-24,0.9709611377560314,2.2910607425991683,0.4217151639976092,"DECK    5.655594e-23
EXR     9.852634e-01
BBY    -1.099526e-22
CMI     1.112734e-22
NFLX    1.098784e-22
WFC     1.473660e-02
F      -2.210548e-22
WAT     5.527614e-23
IP      1.111061e-22
dtype: float64"
76,2021-05-06,2021-11-02,2021-11-03,2021-12-02,10,50,10,-1.4459235761047118,0.1331789371176265,-0.02641129405171727,0.21745866700847163,0.0,0.10000000027922035,-0.3617168853129543,0.8016316444153773,"EL     0.1
EIX    0.1
EQT    0.1
GPC    0.1
REG    0.1
SYK    0.1
FE     0.1
FRT    0.1
WEC    0.1
D      0.1
dtype: float64",9,0.4722206238564886,0.10630345810414255,0.0057243803449682495,0.18802948632928873,0.0,0.19229150311447876,0.05343631360857565,0.8265665124295877,"CTSH    1.078363e-01
CSX     1.740748e-03
COP     7.002103e-02
GPC     2.257152e-02
INTU    1.346270e-01
SJM     3.359467e-01
PFG    -2.319725e-23
ROP     5.853901e-02
SRE     8.572057e-02
TYL     1.829971e-01
dtype: float64",1,2.034240965733952,0.4869032652149304,0.07906989092091687,0.5387594816466104,0.0,1.0,0.8057048291789999,0.4744201704306676,"CTSH    2.114712e-22
CSX     2.117429e-22
COP     4.312623e-22
GPC     9.975257e-23
INTU    1.000000e+00
SJM     2.055756e-22
PFG     2.117335e-22
ROP     1.008510e-22
SRE    -1.319029e-23
TYL     1.030518e-22
dtype: float64"
77,2021-06-07,2021-12-02,2021-12-03,2022-01-03,9,50,11,7.453703096401934,0.0888607965592676,0.06554145448495663,0.10822917172337088,0.03268271481194536,0.0949653245745067,0.7949945587835793,0.8488209805703861,"CSCO    0.100000
GIS     0.100000
FRT     0.067317
MO      0.097557
EQIX    0.100000
FCX     0.037673
C       0.100000
LEN     0.100000
SRE     0.100000
HAS     0.100000
MAR     0.097453
dtype: float64",7,4.810507536713343,0.1158599333691956,0.05599909470909337,0.144987097698242,0.0,0.21427030633378483,0.6764402677046275,0.7151792660336234,"LVS     4.997981e-02
HBAN   -6.346675e-24
LIN     2.660290e-01
MSCI    2.669073e-02
EQIX    2.032711e-01
STX    -5.536285e-23
EXR     1.139584e-01
ITW     2.886919e-01
GS      5.137901e-02
dtype: float64",2,0.37499624393077213,0.22894358649413354,0.00568173330805255,0.3241402357235852,0.0,0.7084451933610607,0.016484478488238155,0.7546538578100062,"LVS     3.171611e-22
HBAN   -2.882569e-23
LIN     1.925905e-23
MSCI    8.228352e-01
EQIX    1.041500e-22
STX    -2.087040e-23
EXR     1.771648e-01
ITW     5.654846e-23
GS      1.548564e-22
dtype: float64"
78,2021-07-07,2022-01-03,2022-01-04,2022-02-02,9,50,10,-2.440591081823398,0.10025862021746577,-0.03900168128032888,0.19758025074251762,0.0,0.10000000027921363,-0.5212505533900954,0.8680870712112169,"HSIC    0.1
RTX     0.1
AVY     0.1
STLD    0.1
MA      0.1
BSX     0.1
CCL     0.1
GE      0.1
ZBRA    0.1
ALLE    0.1
dtype: float64",7,1.0356295754208402,0.12940773995697336,0.009286514199686291,0.11894347170946204,0.0,0.23613764692310146,0.1090338276432513,0.7515495800190415,"HSIC    7.985149e-23
CF      2.521906e-02
LOW     1.002157e-01
AEP     1.645163e-01
OMC     6.566753e-02
DXCM    8.904994e-02
WMB     1.512652e-01
SO      4.040663e-01
MTB     1.341220e-21
dtype: float64",2,1.0569115719524858,0.4798525120484544,0.03271995996272414,0.49199211817688154,0.0,0.779778451347412,0.2779359186623865,0.2577784475300129,"HSIC   -6.842177e-23
CF      8.740177e-01
LOW     1.259823e-01
AEP    -8.758310e-23
OMC    -5.869897e-23
DXCM   -5.634636e-23
WMB    -6.368406e-23
SO      2.075002e-23
MTB    -5.144502e-23
dtype: float64"
80,2021-09-03,2022-03-04,2022-03-07,2022-04-04,10,50,11,5.674627442460345,0.10901605726863785,0.0985749356336707,0.2130255494651508,5.658045820755575e-08,0.09534881102988567,1.163460744215209,0.8619756274085314,"LYV    0.100000
ROP    0.100000
BSX    0.100000
EQT    0.100000
LVS    0.063206
ES     0.100000
SWK    0.100000
EW     0.100000
CB     0.100000
ESS    0.100000
RCL    0.036794
dtype: float64",9,4.305790303288421,0.13053081856516402,0.04068634406007732,0.11836438499753246,0.0,0.22455097995853002,0.4956420935412287,0.7741667467564116,"BIIB     1.042840e-01
ROP      2.835407e-02
SHW      6.548174e-02
CMCSA    3.621500e-02
HD       1.104282e-01
ETR      6.004414e-02
DHR      1.365920e-01
SMCI     4.537375e-02
DUK      4.132271e-01
RSG      1.713303e-22
dtype: float64",2,-0.9817275816324305,0.15651565490290403,-0.019488279348306436,0.22733498151580941,0.0,0.504027099351319,-0.27486221544476225,0.7377964558804837,"BIIB    -2.112213e-22
ROP      1.866028e-23
SHW      1.804101e-23
CMCSA    1.501606e-23
HD       5.204754e-24
ETR      2.685105e-23
DHR     -9.491299e-23
SMCI     5.448726e-01
DUK     -5.002853e-25
RSG      4.551274e-01
dtype: float64"
82,2021-11-03,2022-05-04,2022-05-05,2022-06-03,8,50,12,-0.04590920679144697,0.1234132607796282,-0.006641322625094315,0.37391252860471214,0.0,0.09062259657435083,-0.15697660664519622,0.9642445867773011,"PTC     0.100000
SNA     0.100000
TSLA    0.059509
KIM     0.100000
V       0.100000
MAR     0.038500
CDW     0.100000
IT      0.100000
QCOM    0.036890
COST    0.100000
PH      0.100000
ULTA    0.065101
dtype: float64",4,2.608287842022648,0.21747902962466872,0.04613091540559977,0.22752649250195858,0.0,0.4503928667803185,0.5416862793406718,0.664888841888654,"PWR     2.812378e-24
TROW   -3.303708e-24
DLTR    1.334390e-01
JBL    -1.929679e-23
GOOG    1.581460e-01
ULTA    7.434067e-02
BX      2.208797e-24
AMGN    6.340743e-01
dtype: float64",1,0.3364425013950626,0.9056636909149217,-0.009663017436833399,1.0101065241773894,0.0,1.0,-0.6804724245160139,0.48717714576261534,"PWR     1.112333e-22
TROW    3.332691e-22
DLTR    1.000000e+00
JBL     1.110367e-22
GOOG    1.111305e-22
ULTA    2.220729e-22
BX      1.106318e-22
AMGN    1.115487e-22
dtype: float64"
83,2021-12-03,2022-06-03,2022-06-06,2022-07-06,8,50,16,-1.8842017992672346,0.07862806114618365,-0.04992987109241542,0.31665504576946674,0.0,0.08103814283691432,-0.6969124249971408,0.969498285666382,"ALB     0.026788
MSFT    0.100000
UAL     0.002307
MGM     0.079546
EG      0.100000
ERIE    0.096917
J       0.051488
CDNS    0.084106
IP      0.029603
TPR     0.008442
GPC     0.085373
ROP     0.097454
MOH     0.045406
PFE     0.066160
INTC    0.100000
PSKY    0.026408
dtype: float64",7,0.05142459863280657,0.12299631000716074,-0.0009649046399260452,0.2232552040288484,0.0,0.278153102079876,-0.03836207686609386,0.9234131754717892,"HCA    -1.619111e-24
CHTR    8.039262e-02
TAP     9.392397e-02
LYV     5.628079e-02
BMY     4.656887e-01
LDOS    1.742216e-01
ROP     1.948232e-02
PEP     1.100100e-01
dtype: float64",1,1.217984472604341,0.1995399609456375,0.019926369464287275,0.22355159820508466,0.0,1.0,0.22230705837963,0.735630443268033,"HCA     1.661213e-23
CHTR    3.262795e-23
TAP    -2.581398e-23
LYV     1.596102e-22
BMY     1.000000e+00
LDOS    3.329056e-23
ROP     2.808097e-23
PEP     2.174982e-23
dtype: float64"
86,2022-03-07,2022-09-02,2022-09-06,2022-10-04,11,50,10,-0.8659630798371853,0.09868495177381319,-0.0258361803933691,0.32330260121485144,0.09155762034161526,0.10000000027925508,-0.38449268821967536,0.9535169480219238,"YUM     0.1
TPR     0.1
NOC     0.1
SYY     0.1
FANG    0.1
ADBE    0.1
XOM     0.1
MAS     0.1
JNJ     0.1
HPQ     0.1
dtype: float64",6,1.940092497776574,0.1367874246541927,0.028374828083566284,0.1907538249127434,0.0,0.27647793255510317,0.33369304291655805,0.9251968240907462,"GE      9.251764e-24
DHR     3.370399e-02
SWKS   -1.288895e-23
J       1.760254e-24
ROK     2.622558e-02
NOC     2.065566e-01
TKO     2.175375e-01
RMD     9.369169e-24
HRL     4.185344e-01
KEY     9.744190e-02
ACN     2.663765e-24
dtype: float64",1,4.9117884531221145,0.22747370123888874,0.09724426811950981,0.24437905887292807,0.0,1.0,1.1406171151412796,0.6543417297158621,"GE      1.583309e-22
DHR     1.777550e-22
SWKS    1.449137e-22
J       1.815437e-22
ROK    -5.529557e-23
NOC     2.210704e-22
TKO     1.000000e+00
RMD     3.916464e-22
HRL     1.213225e-22
KEY     1.752947e-22
ACN     5.072680e-23
dtype: float64"
87,2022-04-05,2022-10-04,2022-10-05,2022-11-02,9,50,10,-0.16144895999060357,0.154900026169136,-0.007733996451872005,0.31403759997980013,0.0,0.1000000002791876,-0.14932065811575687,0.8699661270699508,"AMT     0.1
XYL     0.1
BLK     0.1
NKE     0.1
AMGN    0.1
CHRW    0.1
AON     0.1
GS      0.1
GNRC    0.1
MDLZ    0.1
dtype: float64",4,4.40900299103363,0.15872435553445868,0.0758283587215709,0.21420290558553334,0.0,0.34112037108786003,0.898538366653426,0.808259001406821,"AMT     7.687283e-03
DHI     1.661084e-23
WDC     5.221253e-24
F      -7.023358e-24
ABBV    3.032720e-01
KMB     4.210018e-01
EME     2.680389e-01
ADSK    2.552100e-23
DXCM    1.140624e-23
dtype: float64",1,5.754991803983135,0.24218685792618788,0.15686513339405717,0.32903705141703804,0.0,1.0,1.7853401529066126,0.6892565951624633,"AMT    -2.046949e-22
DHI     6.754050e-23
WDC     7.510084e-24
F      -1.520012e-24
ABBV    3.048985e-23
KMB    -2.383281e-23
EME     1.000000e+00
ADSK    6.271503e-23
DXCM   -2.003989e-22
dtype: float64"
88,2022-05-05,2022-11-02,2022-11-03,2022-12-02,9,50,11,4.559092692268555,0.07770660757453474,0.10192132637871376,0.27666663107100975,0.0,0.095120262659114,1.1848043911622188,0.9598940803831811,"ETN     0.100000
VMC     0.057754
STT     0.100000
AEE     0.100000
FITB    0.100000
BLDR    0.042246
ABT     0.100000
FAST    0.100000
ZBH     0.100000
MMC     0.100000
LULU    0.100000
dtype: float64",4,2.6405868425400665,0.24458055146355687,0.0355591106168216,0.17222217666881334,0.0,0.3559146574004501,0.42510713556873536,0.4219144586578343,"GS     -1.499066e-23
MCK     5.110552e-01
ADI     1.820992e-23
PAYX    6.906545e-02
ALGN    1.641872e-23
HAS     2.400882e-01
ZBH     1.797911e-01
EMR     3.423888e-24
AXP     4.846901e-24
dtype: float64",1,-1.0142789041773401,0.45995996295845354,-0.025610129495075906,0.2839614735049264,0.0,1.0,-0.36865025061024853,-0.42415988619188333,"GS      3.866814e-23
MCK     1.000000e+00
ADI     1.251553e-23
PAYX    1.142123e-23
ALGN   -2.086824e-22
HAS     2.378288e-22
ZBH     1.417766e-23
EMR     1.167729e-23
AXP     1.196793e-23
dtype: float64"
89,2022-06-06,2022-12-02,2022-12-05,2023-01-04,8,50,10,-1.4757618902260023,0.08613868161778573,-0.023264327610162838,0.1893260815431115,0.0,0.10000000027919918,-0.3152445811196134,0.8921934473129888,"K       0.1
SRE     0.1
BDX     0.1
FE      0.1
C       0.1
KIM     0.1
EXPE    0.1
ALLE    0.1
EQT     0.1
SYF     0.1
dtype: float64",4,-1.6804876922191427,0.11134563343341793,-0.01701630664274978,0.124263393844127,0.0,0.4914920383119953,-0.22426449499809603,0.7897717876656731,"KO      6.700073e-01
DLTR    4.681899e-02
FE     -1.043118e-22
IBKR    1.537648e-01
MKC     1.294090e-01
EME    -5.320799e-23
HLT    -6.393173e-23
CSCO   -1.228795e-22
dtype: float64",1,-1.6866825983704694,0.18173813238854547,-0.024612841821083253,0.1771924571133511,0.0,1.0,-0.33026460083346176,0.48028546433730307,"KO      3.049922e-22
DLTR    2.009971e-22
FE      2.035893e-22
IBKR    2.296624e-22
MKC     3.071932e-22
EME     1.000000e+00
HLT     1.044138e-22
CSCO    3.150838e-22
dtype: float64"
91,2022-08-05,2023-02-03,2023-02-06,2023-03-07,9,50,10,-3.1546532613629887,0.09304678875092554,-0.04479139729249593,0.1780118817202726,7.259006029602943e-08,0.10000000027920301,-0.5932539932638129,0.8527367923577894,"EIX     0.1
WFC     0.1
MMC     0.1
CSGP    0.1
LYB     0.1
BDX     0.1
NDSN    0.1
SYF     0.1
TRGP    0.1
NDAQ    0.1
dtype: float64",5,1.1013307735498445,0.17570982961568823,0.014505563881189953,0.1785887813456025,0.0,0.3051940737226167,0.164791367884169,0.45303987806881996,"AKAM    1.300513e-01
MRK     4.790161e-01
ETR     5.921529e-02
CPAY    1.226453e-23
AME     1.986986e-23
LNT     1.124873e-23
UNP     1.536181e-01
LMT     1.780992e-01
TRGP    3.318933e-23
dtype: float64",2,4.1362915661961726,0.21240751900304394,0.06904592177566915,0.20871061147577824,0.0,0.7304516081262797,0.8197278226803143,0.34789117687117854,"AKAM   -3.433962e-23
MRK     8.394493e-01
ETR    -2.479100e-23
CPAY   -9.062207e-23
AME    -8.004527e-23
LNT    -4.359970e-23
UNP    -1.107195e-23
LMT     5.428833e-23
TRGP    1.605507e-01
dtype: float64"
92,2022-09-06,2023-03-07,2023-03-08,2023-04-05,11,50,12,0.1549124557605022,0.08256825196438705,0.0009239170654391504,0.20581320034880785,3.684316324248371e-08,0.08753816390445518,-0.010476045143856444,0.9175758479694397,"REGN    0.087112
PSA     0.100000
BX      0.100000
GEN     0.066428
MMC     0.100000
DPZ     0.048315
MDT     0.073632
TYL     0.100000
ALL     0.058436
MMM     0.100000
WMB     0.100000
NSC     0.066077
dtype: float64",6,3.035203608037442,0.11696700943545403,0.037484906900565385,0.15675062304501225,0.0,0.2628587620783741,0.45119929880333864,0.7624665279778189,"BX      1.666382e-23
GPN     2.135762e-23
AMD     3.962465e-23
URI     3.946095e-24
GWW     3.937374e-02
MCK     3.254666e-01
LIN     1.512447e-01
CINF    5.395421e-24
BK      9.511803e-02
FISV    3.967931e-02
K       3.491177e-01
dtype: float64",1,-6.45859735551129,0.4450503971234106,-0.2641403133585881,0.5695341625403242,0.0,1.0,-4.002760998356783,0.779757525914548,"BX     -1.002439e-22
GPN    -6.184226e-23
AMD     4.542433e-24
URI     1.000000e+00
GWW    -9.140947e-24
MCK    -3.830752e-23
LIN    -1.123866e-22
CINF   -6.250933e-23
BK     -7.168586e-24
FISV   -6.057630e-23
K      -3.340423e-23
dtype: float64"
93,2022-10-05,2023-04-05,2023-04-06,2023-05-05,11,50,10,1.042646874161779,0.052711330192370884,0.010904735733396898,0.14001652347443652,0.0,0.10000000027917158,0.12638316368575314,0.9309976513122654,"HPQ     0.1
QCOM    0.1
WY      0.1
NOW     0.1
ICE     0.1
SO      0.1
WSM     0.1
WM      0.1
PEP     0.1
SWK     0.1
dtype: float64",7,4.125935913191652,0.09310471728241415,0.05433145575682441,0.164901701942928,8.409754499191277e-23,0.21222536930826794,0.6531812828890781,0.8264409489550603,"WFC     7.032061e-02
AMD    -4.447289e-23
CCI     1.907693e-23
MNST    2.558460e-01
ROP     3.243078e-01
SBUX    2.486309e-02
MET     1.269450e-01
TTWO    8.528814e-02
ABT     1.124293e-01
SWK    -4.649121e-24
META    5.246961e-23
dtype: float64",2,1.5899259332112894,0.3499279368420777,0.0491597824545984,0.43475005200652816,0.2876399391831714,0.5901935908602544,0.502212774430457,0.6991109274452385,"WFC     5.382548e-23
AMD     2.876399e-01
CCI     3.912000e-23
MNST    5.895742e-23
ROP     9.125779e-23
SBUX    5.197138e-23
MET     6.167264e-23
TTWO    2.201232e-23
ABT     3.140309e-23
SWK    -8.058479e-23
META    7.123601e-01
dtype: float64"
97,2023-02-06,2023-08-07,2023-08-08,2023-09-06,10,50,10,-4.768610429109775,0.08826316654095154,-0.05061582150804278,0.13523176068352752,2.8188414602503542e-08,0.10000000027919785,-0.6631552134399135,0.766435678949152,"JBHT    0.1
TRMB    0.1
D       0.1
DGX     0.1
CNP     0.1
TT      0.1
MHK     0.1
BA      0.1
DXCM    0.1
WY      0.1
dtype: float64",7,-2.435640996473158,0.10158256042974736,-0.02015044410705591,0.1031702666173494,0.01813587558234652,0.24055714150017593,-0.26192983490417726,0.5914233803478958,"HAS    -2.186625e-24
COR     3.752666e-01
CCI     1.813588e-02
EQIX    3.775050e-23
NSC     1.036575e-01
CFG     5.185049e-24
AON     1.265716e-01
EXC     2.420869e-01
AMAT    1.172213e-01
DXCM    1.706013e-02
dtype: float64",2,0.7411416985566049,0.19263929113035066,0.012653992846410222,0.25563853919175594,1.8748697388359662e-22,0.6083066694131491,0.12411331843301227,0.6963234397908883,"HAS     3.525678e-24
COR     2.672913e-01
CCI     2.266070e-22
EQIX    3.748792e-24
NSC     2.793106e-24
CFG     5.576347e-24
AON    -1.090143e-22
EXC    -1.080696e-22
AMAT    7.327087e-01
DXCM   -1.629764e-22
dtype: float64"
100,2023-05-08,2023-11-03,2023-11-06,2023-12-05,8,50,10,6.596372718245351,0.09354256030583916,0.07611514294293675,0.14181774065230965,4.8785980616417035e-08,0.10000000027920271,0.9153704038383642,0.7533479680232331,"PTC     0.1
DGX     0.1
NDAQ    0.1
PNC     0.1
STLD    0.1
GILD    0.1
ED      0.1
RCL     0.1
JNJ     0.1
TFC     0.1
dtype: float64",6,2.395350303949445,0.10224323196633547,0.02080582181283419,0.11080420874768153,0.0,0.25789077324217713,0.2531373224264369,0.5320923550651702,"VLO     2.020271e-23
GRMN    2.819722e-02
BA      6.959986e-02
FANG    1.723050e-01
STLD    1.422431e-24
MMC     3.560403e-01
LRCX    7.310199e-02
HSY     3.007556e-01
dtype: float64",2,-0.3773928899028099,0.13333204668245885,-0.006151384094802204,0.1697781798434468,0.0,0.5984275139895825,-0.09289770828451115,0.619970921174016,"VLO    -5.728095e-23
GRMN   -3.734651e-24
BA     -3.075891e-24
FANG    7.218417e-01
STLD    2.650106e-23
MMC    -4.614695e-24
LRCX    2.781583e-01
HSY    -5.491498e-24
dtype: float64"
