,ISRG,AMZN,ARE,IPG,DHR,HOLX,NTAP,HUM,XOM,CCI,WY,TECH,CBRE,STX,MHK,MCK,C,CMI,ETR,A,SW,CFG,RTX,REG,TYL,NOW,FICO,FRT,AKAM,ADP,URI,WMB,CAT,JNJ,MPC,TPR,BF-B,CMCSA,ROL,CDNS,OXY,WRB,HSY,FIS,GLW,CAH,EOG,CCL,DLR,DTE
ISRG,1.0,0.0058218100026041835,0.37296459371436846,0.1354738848062456,0.517230910024949,0.0005257252614991676,0.015588169695512206,0.00046918389190138486,0.32220916648478765,0.4307849119317572,0.12691899133225734,0.19917875843809463,0.07061667550620918,0.18611657333159082,0.010097078501076747,0.19736563789936232,0.16256880979302515,0.2584363906939716,0.008583788651996509,0.3665685485896164,0.0071265754372736535,0.0371406973752731,0.37456608629873467,0.26333966665779157,0.18149742355130277,0.3569646125530625,0.012311799437623696,0.286001067350489,0.00257558653602376,0.299771772176089,0.3618052562536597,0.013917348248299979,0.33933133959475653,0.4069148092177339,0.16017349679765824,0.016633546295523816,0.06274409233616342,0.3707525610765008,0.006553433949701557,0.25912573934603333,0.31058870435961194,0.4823262045882661,0.00197888269059824,0.4545871657976788,0.17520622088105706,0.2896108566993285,0.24530727550822456,0.41974522986102725,0.3131948551166082,0.12673771340072124
AMZN,0.0058218100026041835,1.0,0.005722497149205617,0.005020755603287049,0.02458538153151189,0.16353929400845243,0.024481378342371813,0.16028428302362815,0.002777031110601972,0.0014767496372113484,0.010421352729220562,0.00803729132704474,0.08675923750781664,0.00834594975336661,0.03005444578200325,0.03114520445773474,0.006227133806781877,0.003859147400369044,0.014805191338110781,0.010538736000406617,0.36924061227386756,0.004269827375239315,0.009814569185663934,0.006957389246256732,0.013330210713245617,0.0026575324006367584,0.07734170499221446,0.006297103168025876,0.030601337552288926,0.011944648591309386,0.003933307025978046,0.06823990833423729,0.004473242876023425,0.025481159581934684,0.02726223488869905,0.011932553144160878,0.005775013685614264,0.022964886599386128,0.23401216377925232,0.012827746291274287,0.005941312900211607,0.018208857340364995,0.03892321382054878,0.004627585497699437,0.026911819436592606,0.01355635019797683,0.011361510464988603,0.00116686418477785,0.015469600087880956,0.0085113008193426
ARE,0.37296459371436846,0.005722497149205617,1.0,0.2241176632689965,0.6089243783821084,0.0005118598832393425,0.02798651721166466,0.0004726959930314623,0.335439047077445,0.3338114104419481,0.1765136885222704,0.07019950863517371,0.13656435871015074,0.09992532345295725,0.012989028242607177,0.09056793378754241,0.24985315699735036,0.6930952402210309,0.00693323298339774,0.4710450709293635,0.004919220474502674,0.05078235658439037,0.6249235019656056,0.5433813991790737,0.13455002914782818,0.19251790599413066,0.019229515356362303,0.3407386636100951,0.0025053914416485273,0.6397067437338687,0.21906094426878367,0.005891109663865972,0.2205935432150328,0.6950505711771533,0.17273533314483983,0.026168965469932724,0.05081131261179104,0.3191132589604912,0.004379803676228131,0.3324761565188485,0.7130302846393981,0.6816020191324007,0.0019686527257460275,0.17143759591257618,0.18210874583175674,0.38570296950580085,0.5094209569534731,0.21716760579269886,0.28624806637813865,0.04854475158075476
IPG,0.1354738848062456,0.005020755603287049,0.2241176632689965,1.0,0.21535746650288257,0.0013969634142995697,0.07587827295717013,0.0019122349866149532,0.3317842263871737,0.2406578186711716,0.3017272429603166,0.24065781870272138,0.11463097338605192,0.2643876825139667,0.05283833090135532,0.19592920359388233,0.3641097839809973,0.2299661656356974,0.022360663720204357,0.22258099083612848,0.016063218525939168,0.11848383880863765,0.33785474738788823,0.20527200793124323,0.24065781869967157,0.24065781868081929,0.013602973444210995,0.2708174554110352,0.0116524289257496,0.31978080273650505,0.2665368321568033,0.027267031158044398,0.2831068137763925,0.19745740095325745,0.09130627258922853,0.08622097225889601,0.15052548508971594,0.24437215183299701,0.0074948889553030805,0.2462465373030169,0.20447844953455083,0.2778720063257789,0.011869630089407366,0.17817950903464,0.21707252653042955,0.3535211873807408,0.3342049302740827,0.18129237859148656,0.2816044016446162,0.10767430314388264
DHR,0.517230910024949,0.02458538153151189,0.6089243783821084,0.21535746650288257,1.0,0.003932227839608581,0.04900858206599443,0.003183779348551548,0.38185403764503084,0.3536179870357467,0.18813671934672777,0.09707721160912926,0.20070231449600717,0.1589880079615926,0.028139186904764378,0.1307365509334972,0.2245445796036375,0.5748003702300309,0.011948748621729628,0.5160881951961379,0.023305772893514036,0.058676709682057404,0.6405288251424284,0.5646858455207265,0.21724194358139415,0.2515966242499315,0.03054460069815701,0.32250096872022277,0.003946463741227595,0.5657629302628108,0.3354041505981903,0.013493745611718835,0.23049796280002946,0.8260602899833932,0.19325998656062157,0.03568112060856787,0.06608358360065955,0.3614925764705493,0.0230818239714718,0.2673621529582581,0.6498656700854234,0.6375387796082473,0.004697693167130764,0.3081680720631278,0.2520730407352768,0.3946410247931253,0.42493017759036567,0.3014954796568744,0.3116016223294199,0.08058249611625147
HOLX,0.0005257252614991676,0.16353929400845243,0.0005118598832393425,0.0013969634142995697,0.003932227839608581,1.0,0.015230085927320235,0.20034581112276112,0.0003038442443512735,8.861404152742182e-05,0.013325342685304975,0.002154299419999518,0.0335008940275588,0.004843491624405929,0.020717657651725025,0.007758455482257877,0.002656093762191108,0.000873108604020344,0.010173417576787452,0.00252795165892282,0.2534807773516202,0.007696542675743675,0.001122442680657704,0.0018054953598880227,0.005473947765343967,0.00042675300172777833,0.03643517047118954,0.0014903696413846575,0.07832791312072489,0.0017979196680713377,0.0004572094510428861,0.05581289545679056,0.00048238853981770723,0.0036136853692485477,0.009237270641345616,0.014075826696682598,0.002410615184582813,0.0032146405756697206,0.15670062149154426,0.004438596357852322,0.0008378806990345691,0.003748682265792551,0.02822670895554888,0.0006730268710706596,0.013477516904267144,0.0019476023602415155,0.0014270451380404773,0.00016683763214538113,0.0038986397598844112,0.002398634737799002
NTAP,0.015588169695512206,0.024481378342371813,0.02798651721166466,0.07587827295717013,0.04900858206599443,0.015230085927320235,1.0,0.023136054963567392,0.03728169830370949,0.015886940096590953,0.17485868035756819,0.05478632490587466,0.18687134173705888,0.11017210073010236,0.06886777041338066,0.05619548691462006,0.11589909587873197,0.04173063194524939,0.08140038527348134,0.06601172531430248,0.03208287906072382,0.19123951210318732,0.04361328850298544,0.0633068809341198,0.13915718729818646,0.025366985598416738,0.02936343934275513,0.06363845977699414,0.02868548511338491,0.05185226343783151,0.027505513551232774,0.03687890363212347,0.030051127030707232,0.047776435301037194,0.11130056908055821,0.08378153847387514,0.15052548513869754,0.031854140581907914,0.040127015660369456,0.12402342513165356,0.030856043701992436,0.07607451318757809,0.08649200007438448,0.05512897124331661,0.13003477710350642,0.04392587197596503,0.04345612832203083,0.036010939569440105,0.05534532419254163,0.03331452680730019
HUM,0.00046918389190138486,0.16028428302362815,0.0004726959930314623,0.0019122349866149532,0.003183779348551548,0.20034581112276112,0.023136054963567392,1.0,0.00043785489935148873,0.00011128077400998878,0.006056594813455266,0.003552470102125065,0.059124001070731194,0.005286412756213855,0.03958361432978588,0.008371129009383216,0.002419149459261487,0.0006021904665299441,0.013726483222325711,0.0027987931008652696,0.4191245487820636,0.00759377328162795,0.0015438685056066348,0.0021295054476437466,0.007791537780342133,0.0004588068462231472,0.026304783000099495,0.0017754942933684208,0.030601337617229676,0.0016011545646746135,0.0005574382114342545,0.05219801976769869,0.0007469415034568569,0.0033168765802270538,0.01191059599737109,0.011788309243036312,0.0014987644980415772,0.0033195118723054963,0.14472744457754452,0.004461031929400001,0.0006381320186184052,0.0035568700575978832,0.05151804923822879,0.0010986498875738692,0.01191059600829268,0.002724690173728781,0.001912623982479019,0.00022994747916652301,0.0027455372064413403,0.0028216908972992696
XOM,0.32220916648478765,0.002777031110601972,0.335439047077445,0.3317842263871737,0.38185403764503084,0.0003038442443512735,0.03728169830370949,0.00043785489935148873,1.0,0.30067118878067856,0.2219378485551718,0.1961512317263175,0.06449883064648465,0.19068708561452813,0.025415316595155717,0.2045901765258467,0.29994037085307246,0.37339979119442057,0.014458235614233199,0.3068272463282099,0.004230570449997073,0.11092276370897894,0.42920048826675444,0.2179462120589629,0.22215954627315176,0.28350679759561853,0.016623664465970904,0.31990338567375715,0.003106290591864576,0.3810735997901844,0.43746337884239606,0.008936558069883438,0.4498638477732508,0.3955739350824965,0.13426904796382252,0.049138492937807914,0.10956893026446292,0.4198703625454633,0.007254147282456149,0.20773900774197107,0.2682919475699504,0.47656879473646724,0.005161912302961506,0.35805406159576136,0.215814541137484,0.3151668555821384,0.3363300700231107,0.399131124653957,0.2942370055877668,0.1264828727849142
CCI,0.4307849119317572,0.0014767496372113484,0.3338114104419481,0.2406578186711716,0.3536179870357467,8.861404152742182e-05,0.015886940096590953,0.00011128077400998878,0.30067118878067856,1.0,0.14723571921684428,0.1757137445684373,0.08151593988019555,0.21179849037160076,0.009693000998634018,0.13394236461029893,0.27761407950903527,0.347204655238455,0.004205210347516029,0.34907460766194115,0.0028286482324504304,0.04477222738719808,0.40215583097912944,0.41402804966025586,0.2043504416603326,0.33532326325462986,0.006601814514106221,0.37846599217402227,0.0015134620353623109,0.42191092171476385,0.273535215487067,0.00793423074296743,0.43941647585674637,0.272797533662305,0.05182918012166602,0.017296628471759945,0.058734741388483974,0.291303964576656,0.000758058255151755,0.20520193853391722,0.3800760903397958,0.3323517412391289,0.0009038004908683993,0.2868098448558913,0.2804217163642104,0.3747325784369937,0.38007609035250123,0.4306988629844639,0.31649151432030126,0.0716395210600855
WY,0.12691899133225734,0.010421352729220562,0.1765136885222704,0.3017272429603166,0.18813671934672777,0.013325342685304975,0.17485868035756819,0.006056594813455266,0.2219378485551718,0.14723571921684428,1.0,0.10158579836921341,0.1676487776452837,0.1906870856417076,0.02682050771168071,0.14418843633234585,0.20742117688994413,0.23307508734589003,0.04869428732124809,0.2598981722058221,0.009992467233575142,0.24122310382643417,0.2532180253173852,0.1953771428965834,0.2185878678518219,0.21528349768410107,0.04653639399251657,0.27076267073829896,0.02340540276458662,0.2325240240157957,0.13509281007592167,0.026681633536533713,0.2619350857298871,0.17700745330015447,0.12343722890998818,0.07743586503597734,0.12808769998574435,0.21346924794360692,0.01608182871762674,0.2835987633398992,0.15812087577090989,0.20806671503751986,0.04760920240663035,0.1747663448117889,0.3908495265483337,0.2495791856571691,0.25427930758043044,0.1998106707224091,0.2933593288093621,0.07358137929979128
TECH,0.19917875843809463,0.00803729132704474,0.07019950863517371,0.24065781870272138,0.09707721160912926,0.002154299419999518,0.05478632490587466,0.003552470102125065,0.1961512317263175,0.1757137445684373,0.10158579836921341,1.0,0.04505982631389947,0.13127098914822355,0.06795337356653537,0.29728445092203093,0.17826420096993653,0.07013227336796318,0.05368728851049498,0.15604566343524082,0.02530435684259072,0.12214922335902563,0.13462018752313093,0.07374918046034115,0.1627469710659514,0.22200682564840388,0.016013552570600144,0.22097163999603017,0.03170106520461502,0.10751890299771888,0.21285928101558105,0.06635030218495902,0.28258837327471326,0.0819842543848329,0.14163084129198966,0.07474707174805544,0.23591742547206182,0.18767389068874904,0.010308145280667992,0.23279755200033878,0.06558884627883386,0.16772674589256603,0.029505656676859893,0.2572362188432671,0.10921766693747466,0.11076271022006556,0.10303068900419032,0.18987956697950475,0.21624473421678814,0.3287879308678795
CBRE,0.07061667550620918,0.08675923750781664,0.13656435871015074,0.11463097338605192,0.20070231449600717,0.0335008940275588,0.18687134173705888,0.059124001070731194,0.06449883064648465,0.08151593988019555,0.1676487776452837,0.04505982631389947,1.0,0.15422162955748334,0.05224397570433622,0.07436327984516346,0.12468924702749236,0.15900563739866708,0.02248779156847822,0.2267144517915281,0.09912762104280623,0.06181873276237604,0.11761464826685708,0.19429360711865212,0.19622619849212763,0.07411428612861704,0.03779239500420649,0.12872505774151743,0.015274453943234158,0.17542239844965354,0.05624502530846324,0.0320977513235071,0.08001049934859682,0.17200019721214072,0.084578871286894,0.06155932892327116,0.05571263199706141,0.08576537566422697,0.05836527017684248,0.17992335431137937,0.1599317839400262,0.1677726626120847,0.020961792602177887,0.07542349278175968,0.28980036940217146,0.1850922708439812,0.17493557428494297,0.10579051064059404,0.11743650744233713,0.0411741497242082
STX,0.18611657333159082,0.00834594975336661,0.09992532345295725,0.2643876825139667,0.1589880079615926,0.004843491624405929,0.11017210073010236,0.005286412756213855,0.19068708561452813,0.21179849037160076,0.1906870856417076,0.13127098914822355,0.15422162955748334,1.0,0.0646184950403245,0.17576498313179262,0.1906870856325891,0.1462890803449907,0.026099848869520374,0.16806268135690405,0.02614575626625853,0.10454186341583716,0.18181450391536763,0.1906870856092229,0.3260894972185877,0.23241870879613744,0.01672795695575475,0.18249249593836436,0.013433690792600466,0.18959337815108918,0.17254457201585285,0.041821104229266014,0.21843496335467735,0.10935817872336372,0.11972348890091085,0.0918614095355054,0.1636916312400068,0.14178858999583094,0.009942525457157453,0.24385536896984572,0.12814615122556974,0.17632253748455914,0.02091855312137187,0.19068708562916184,0.30347722727330256,0.2310211040999071,0.12314249718212752,0.24643597872037212,0.17073376468483428,0.09995898574454454
MHK,0.010097078501076747,0.03005444578200325,0.012989028242607177,0.05283833090135532,0.028139186904764378,0.020717657651725025,0.06886777041338066,0.03958361432978588,0.025415316595155717,0.009693000998634018,0.02682050771168071,0.06795337356653537,0.05224397570433622,0.0646184950403245,1.0,0.042979732300855236,0.09155880742899167,0.010232277621363991,0.10825823843277661,0.03496600549816648,0.13935003454517333,0.07875473703061542,0.02453077707244822,0.027855658310334874,0.04623548247901854,0.01588669981681547,0.009819399310892705,0.02523314649708561,0.030601337546957447,0.028616998629801903,0.03507985107275704,0.08745995292559015,0.024337925624287642,0.024971092073651533,0.1413689935943366,0.08058303661736343,0.078754737028607,0.0366396625491619,0.030461034969743794,0.060870250777214245,0.013936060754891367,0.05772328731700453,0.046874509940407885,0.03564491385209012,0.051091526741282305,0.02033582241023517,0.02846261468842,0.010735275986593445,0.03129958604422685,0.07875473700582365
MCK,0.19736563789936232,0.03114520445773474,0.09056793378754241,0.19592920359388233,0.1307365509334972,0.007758455482257877,0.05619548691462006,0.008371129009383216,0.2045901765258467,0.13394236461029893,0.14418843633234585,0.29728445092203093,0.07436327984516346,0.17576498313179262,0.042979732300855236,1.0,0.14497402865346726,0.0713226340862,0.031790728105724655,0.16011410746744612,0.06007216355357598,0.08492764382960681,0.10663726446627601,0.06389479748306726,0.23758772861221933,0.22108873351489197,0.11376693907448084,0.21936914490333626,0.02475251203874127,0.13568720375282436,0.23055187270646488,0.15570493222732684,0.17576498310197555,0.11316414852615293,0.08995177631686674,0.04257289602339123,0.21698388259914156,0.2514830465106903,0.024175524190392903,0.1607916131539273,0.06355642512113238,0.18377372837591427,0.028226708871140593,0.19887598152825503,0.15839989077516045,0.13260547451538698,0.1451116720956728,0.1615120230140722,0.17438180155033464,0.1515216555977781
C,0.16256880979302515,0.006227133806781877,0.24985315699735036,0.3641097839809973,0.2245445796036375,0.002656093762191108,0.11589909587873197,0.002419149459261487,0.29994037085307246,0.27761407950903527,0.20742117688994413,0.17826420096993653,0.12468924702749236,0.1906870856325891,0.09155880742899167,0.14497402865346726,1.0,0.32821941981390806,0.06895636004437698,0.24006947966261746,0.017705658400588922,0.18133678697296968,0.2949498791224671,0.3032432680753302,0.19493718857592687,0.18025285187043105,0.022244147156289768,0.33580614972564604,0.013823203278981996,0.23346918901657998,0.3517556859658187,0.03781123820756637,0.29656769536064836,0.2557486459098205,0.16827476677563774,0.15726191963192698,0.14833143980974153,0.21762024364697846,0.01053958246826199,0.16416784879968857,0.28004481052024843,0.34000915440492246,0.015215757648333404,0.222506391486784,0.19460660921548195,0.3618615669438714,0.22989375534394904,0.17185862961562107,0.19175571047108012,0.15581077611063893
CMI,0.2584363906939716,0.003859147400369044,0.6930952402210309,0.2299661656356974,0.5748003702300309,0.000873108604020344,0.04173063194524939,0.0006021904665299441,0.37339979119442057,0.347204655238455,0.23307508734589003,0.07013227336796318,0.15900563739866708,0.1462890803449907,0.010232277621363991,0.0713226340862,0.32821941981390806,1.0,0.006928225835482802,0.45683410463825197,0.0034157777818897487,0.05102992540576671,0.6204878330922107,0.6453720081224987,0.19506938756049166,0.19386264510681403,0.01784858502528003,0.3973154281492829,0.0020560048148120296,0.5909055021250043,0.22238177702625447,0.0046837349445478845,0.21756067155228434,0.6289853345187884,0.11957453468666733,0.033338653835727296,0.05164393433171434,0.2685303833248592,0.004851477554704752,0.22854346552416505,0.6703722275937375,0.49637771396053937,0.002276449765644341,0.17348524088018538,0.2499460801655686,0.43389729444547187,0.47484671170108544,0.3195892765438015,0.25892765963147796,0.04275437815987159
ETR,0.008583788651996509,0.014805191338110781,0.00693323298339774,0.022360663720204357,0.011948748621729628,0.010173417576787452,0.08140038527348134,0.013726483222325711,0.014458235614233199,0.004205210347516029,0.04869428732124809,0.05368728851049498,0.02248779156847822,0.026099848869520374,0.10825823843277661,0.031790728105724655,0.06895636004437698,0.006928225835482802,1.0,0.02414686020737319,0.010913312401425082,0.14469788742360004,0.011799553909503551,0.006639992348812267,0.02485772749425091,0.009157611675928228,0.01604269917798429,0.018571732201245895,0.20173354981380437,0.009653749938043733,0.019750093165173583,0.0685882093510638,0.010093049571960855,0.011861010759330834,0.12014777815539045,0.12136847712225726,0.08035468578941313,0.018813604800928307,0.03150187061128566,0.02933816819287384,0.006107592352920955,0.038762804707421154,0.11089072699367129,0.024882694558889168,0.01832361136023388,0.004962633315813476,0.006106137579413974,0.0049826274363798965,0.018021665125066914,0.12166505312189313
A,0.3665685485896164,0.010538736000406617,0.4710450709293635,0.22258099083612848,0.5160881951961379,0.00252795165892282,0.06601172531430248,0.0027987931008652696,0.3068272463282099,0.34907460766194115,0.2598981722058221,0.15604566343524082,0.2267144517915281,0.16806268135690405,0.03496600549816648,0.16011410746744612,0.24006947966261746,0.45683410463825197,0.02414686020737319,1.0,0.018438938194291706,0.14125427844947677,0.42980798470475806,0.5308415977832204,0.2203448397643747,0.27282015311151964,0.043678955179158215,0.37454144321222393,0.011338457994188818,0.5015908250338085,0.26338465082859586,0.03125407955923546,0.2094253165666039,0.4708340326628626,0.11694864555055856,0.05467735910974497,0.09169424295550051,0.2629869266740992,0.020591450137219705,0.3429068666296184,0.5208557247735758,0.454453641526576,0.009553946407691957,0.29037956702291895,0.2705136079777734,0.32130772060577173,0.4389386606058706,0.41978906676022965,0.25208197228830476,0.13106166438941755
SW,0.0071265754372736535,0.36924061227386756,0.004919220474502674,0.016063218525939168,0.023305772893514036,0.2534807773516202,0.03208287906072382,0.4191245487820636,0.004230570449997073,0.0028286482324504304,0.009992467233575142,0.02530435684259072,0.09912762104280623,0.02614575626625853,0.13935003454517333,0.06007216355357598,0.017705658400588922,0.0034157777818897487,0.010913312401425082,0.018438938194291706,1.0,0.015206679124961656,0.010956059067142096,0.012522930652347462,0.03698985392919046,0.006004900178900283,0.047579242304250154,0.012745917098800635,0.030320404416571328,0.01617311760919245,0.00821277036998084,0.23693735502495494,0.010297677998114724,0.0210958411080974,0.015029083676687899,0.03032040437028935,0.008268112675576497,0.033073719142388,0.18268541758730952,0.02465970248552052,0.007088979746457844,0.018167898453916986,0.028226708934270817,0.009515442294882753,0.029063180736060255,0.03032040432182097,0.01973638023497405,0.0021618708542992067,0.016604173840799274,0.02069406149238482
CFG,0.0371406973752731,0.004269827375239315,0.05078235658439037,0.11848383880863765,0.058676709682057404,0.007696542675743675,0.19123951210318732,0.00759377328162795,0.11092276370897894,0.04477222738719808,0.24122310382643417,0.12214922335902563,0.06181873276237604,0.10454186341583716,0.07875473703061542,0.08492764382960681,0.18133678697296968,0.05102992540576671,0.14469788742360004,0.14125427844947677,0.015206679124961656,1.0,0.06899647574075263,0.05378513171559138,0.06105259958015749,0.09964851792010884,0.05616734384445381,0.09266590145449571,0.059528452179724155,0.06657383802879438,0.0752651052459626,0.04369791301065539,0.07837086605231215,0.07092625298627252,0.1392684902121062,0.15226461608972325,0.11958513901422685,0.0754910801879407,0.010034690342759205,0.0946200212647994,0.04777222935633308,0.14130878008532072,0.06953765149491659,0.09176978969433866,0.08802581257286632,0.05999577903066509,0.053468393045958074,0.04217420707474559,0.10800400228507116,0.11553484301894298
RTX,0.37456608629873467,0.009814569185663934,0.6249235019656056,0.33785474738788823,0.6405288251424284,0.001122442680657704,0.04361328850298544,0.0015438685056066348,0.42920048826675444,0.40215583097912944,0.2532180253173852,0.13462018752313093,0.11761464826685708,0.18181450391536763,0.02453077707244822,0.10663726446627601,0.2949498791224671,0.6204878330922107,0.011799553909503551,0.42980798470475806,0.010956059067142096,0.06899647574075263,1.0,0.5236122222145269,0.19484377909371306,0.250932015844587,0.022451343900835617,0.33747272231353226,0.0030515804520560557,0.6240280002959879,0.25511645624468915,0.012821352396441638,0.3421863188215297,0.5870514595498196,0.16036099982435822,0.034218284508392434,0.07175049490499488,0.3552594159113847,0.006395049539930957,0.28376532473753335,0.6301395723166666,0.5384327544020899,0.004176010435679591,0.2843311268476404,0.25927071870319746,0.5322505140783245,0.5209135798332764,0.27167397962068185,0.3318717635053397,0.07948095711356935
REG,0.26333966665779157,0.006957389246256732,0.5433813991790737,0.20527200793124323,0.5646858455207265,0.0018054953598880227,0.0633068809341198,0.0021295054476437466,0.2179462120589629,0.41402804966025586,0.1953771428965834,0.07374918046034115,0.19429360711865212,0.1906870856092229,0.027855658310334874,0.06389479748306726,0.3032432680753302,0.6453720081224987,0.006639992348812267,0.5308415977832204,0.012522930652347462,0.05378513171559138,0.5236122222145269,1.0,0.17433263934708126,0.1533520565789183,0.011916139909286739,0.2880579513716587,0.0022923215538551587,0.49637908177028156,0.1708733127614767,0.004512917823935305,0.19473494111533138,0.47983885347390554,0.10760357046295849,0.037823220987177025,0.04690757624612836,0.1804735325310359,0.00778034280376142,0.31178054294778307,0.6570634083283423,0.4186957526050233,0.00279410804836242,0.13961275892597977,0.334820288548299,0.41205426047356614,0.34852875913833165,0.30081945905664387,0.19650023344057177,0.03426370125974615
TYL,0.18149742355130277,0.013330210713245617,0.13455002914782818,0.24065781869967157,0.21724194358139415,0.005473947765343967,0.13915718729818646,0.007791537780342133,0.22215954627315176,0.2043504416603326,0.2185878678518219,0.1627469710659514,0.19622619849212763,0.3260894972185877,0.04623548247901854,0.23758772861221933,0.19493718857592687,0.19506938756049166,0.02485772749425091,0.2203448397643747,0.03698985392919046,0.06105259958015749,0.19484377909371306,0.17433263934708126,1.0,0.3063867151246383,0.02227181107050931,0.3336835647971139,0.013936464735438754,0.26741750584117324,0.17111482519442622,0.04934719091979817,0.23406957820958496,0.15157412524584563,0.09470445076047708,0.10383747443359295,0.21064321088953064,0.2159593977055549,0.03234627573522795,0.19935785802628836,0.1420537727548311,0.2100719509315357,0.02154468516341254,0.2815533985817332,0.22943978338479065,0.21353213433368334,0.24319908840317228,0.2773594337781428,0.2394400606975989,0.13559161512991563
NOW,0.3569646125530625,0.0026575324006367584,0.19251790599413066,0.24065781868081929,0.2515966242499315,0.00042675300172777833,0.025366985598416738,0.0004588068462231472,0.28350679759561853,0.33532326325462986,0.21528349768410107,0.22200682564840388,0.07411428612861704,0.23241870879613744,0.01588669981681547,0.22108873351489197,0.18025285187043105,0.19386264510681403,0.009157611675928228,0.27282015311151964,0.006004900178900283,0.09964851792010884,0.250932015844587,0.1533520565789183,0.3063867151246383,1.0,0.01012554329616287,0.30300939262845195,0.004450581141983442,0.27612252446771596,0.3052746142205631,0.024711216195936678,0.40192715190571116,0.17875605428896196,0.0746579640563911,0.0312135395186904,0.11087345630653855,0.3119295648843508,0.0037284393452786777,0.14738685024281958,0.155838460354893,0.2643309150392916,0.004428654767569158,0.2592649281179908,0.1579331701023258,0.2548877495596328,0.25257841617215027,0.44335248037408725,0.4125452639293466,0.1784403782550715
FICO,0.012311799437623696,0.07734170499221446,0.019229515356362303,0.013602973444210995,0.03054460069815701,0.03643517047118954,0.02936343934275513,0.026304783000099495,0.016623664465970904,0.006601814514106221,0.04653639399251657,0.016013552570600144,0.03779239500420649,0.01672795695575475,0.009819399310892705,0.11376693907448084,0.022244147156289768,0.01784858502528003,0.01604269917798429,0.043678955179158215,0.047579242304250154,0.05616734384445381,0.022451343900835617,0.011916139909286739,0.02227181107050931,0.01012554329616287,1.0,0.02861937439328312,0.03060133754375311,0.02932460251399651,0.012944306900592518,0.043714043622605385,0.012983883399878104,0.03588009616541696,0.0371610792853584,0.03679022134065349,0.011138904916121403,0.04201829196278266,0.042119368401217244,0.021727427678149953,0.015754954098384105,0.05118496778119428,0.029197865271807826,0.016820640486080778,0.04598976708965283,0.023605925428336987,0.02201402537591335,0.004420891543314947,0.03917397723175883,0.016903781407587852
FRT,0.286001067350489,0.006297103168025876,0.3407386636100951,0.2708174554110352,0.32250096872022277,0.0014903696413846575,0.06363845977699414,0.0017754942933684208,0.31990338567375715,0.37846599217402227,0.27076267073829896,0.22097163999603017,0.12872505774151743,0.18249249593836436,0.02523314649708561,0.21936914490333626,0.33580614972564604,0.3973154281492829,0.018571732201245895,0.37454144321222393,0.012745917098800635,0.09266590145449571,0.33747272231353226,0.2880579513716587,0.3336835647971139,0.30300939262845195,0.02861937439328312,1.0,0.0055274520950621886,0.42997264845756966,0.35837190523989443,0.039070507870387815,0.2698749326765523,0.3334341648872924,0.08308146226241866,0.06942951280119604,0.10677389163774012,0.2591587660530264,0.009077017247276995,0.28888891543931056,0.3291501734250998,0.40816648364946895,0.007413900321295654,0.3603763248458931,0.27050022736304424,0.2889357011818144,0.4322718650999614,0.3707991400812679,0.3227818063012364,0.13078281672488198
AKAM,0.00257558653602376,0.030601337552288926,0.0025053914416485273,0.0116524289257496,0.003946463741227595,0.07832791312072489,0.02868548511338491,0.030601337617229676,0.003106290591864576,0.0015134620353623109,0.02340540276458662,0.03170106520461502,0.015274453943234158,0.013433690792600466,0.030601337546957447,0.02475251203874127,0.013823203278981996,0.0020560048148120296,0.20173354981380437,0.011338457994188818,0.030320404416571328,0.059528452179724155,0.0030515804520560557,0.0022923215538551587,0.013936464735438754,0.004450581141983442,0.03060133754375311,0.0055274520950621886,1.0,0.004479502013305945,0.00643412925639903,0.08698330887239827,0.0035382340966956245,0.004194437399872429,0.03508257765371758,0.10175220224472507,0.02763594088373333,0.009683053276257092,0.05868581335546678,0.016156082979925403,0.002257260576473059,0.013552083109023805,0.08698533250465215,0.0066590089292916385,0.011841018151582065,0.0020985179895278328,0.0032201524783423987,0.0012702367916697609,0.010684983891472993,0.04275456676779509
ADP,0.299771772176089,0.011944648591309386,0.6397067437338687,0.31978080273650505,0.5657629302628108,0.0017979196680713377,0.05185226343783151,0.0016011545646746135,0.3810735997901844,0.42191092171476385,0.2325240240157957,0.10751890299771888,0.17542239844965354,0.18959337815108918,0.028616998629801903,0.13568720375282436,0.23346918901657998,0.5909055021250043,0.009653749938043733,0.5015908250338085,0.01617311760919245,0.06657383802879438,0.6240280002959879,0.49637908177028156,0.26741750584117324,0.27612252446771596,0.02932460251399651,0.42997264845756966,0.004479502013305945,1.0,0.28729719239555657,0.016780878407937416,0.2542895642136934,0.5828599768577448,0.10330537159768663,0.031959160421833985,0.08017857649829582,0.34346405019902576,0.01026627929147986,0.283465690236078,0.5346749251065621,0.4910175039035047,0.00392913619854673,0.24269332340036226,0.2667880467456701,0.3946410248044863,0.5609235630999054,0.29802624335215105,0.3080970819318795,0.07561084202934026
URI,0.3618052562536597,0.003933307025978046,0.21906094426878367,0.2665368321568033,0.3354041505981903,0.0004572094510428861,0.027505513551232774,0.0005574382114342545,0.43746337884239606,0.273535215487067,0.13509281007592167,0.21285928101558105,0.05624502530846324,0.17254457201585285,0.03507985107275704,0.23055187270646488,0.3517556859658187,0.22238177702625447,0.019750093165173583,0.26338465082859586,0.00821277036998084,0.0752651052459626,0.25511645624468915,0.1708733127614767,0.17111482519442622,0.3052746142205631,0.012944306900592518,0.35837190523989443,0.00643412925639903,0.28729719239555657,1.0,0.021876557365496988,0.3564962051229074,0.294614719729108,0.10164049583390417,0.05325440996739172,0.08256274063250063,0.30654421834803763,0.011035041633654704,0.16099710981595228,0.21574245998143624,0.38989660363742806,0.006538125951433774,0.360376324844087,0.181375358862167,0.20517396482101521,0.2525963365701727,0.2919636265490148,0.275156652057908,0.16166422176123385
WMB,0.013917348248299979,0.06823990833423729,0.005891109663865972,0.027267031158044398,0.013493745611718835,0.05581289545679056,0.03687890363212347,0.05219801976769869,0.008936558069883438,0.00793423074296743,0.026681633536533713,0.06635030218495902,0.0320977513235071,0.041821104229266014,0.08745995292559015,0.15570493222732684,0.03781123820756637,0.0046837349445478845,0.0685882093510638,0.03125407955923546,0.23693735502495494,0.04369791301065539,0.012821352396441638,0.004512917823935305,0.04934719091979817,0.024711216195936678,0.043714043622605385,0.039070507870387815,0.08698330887239827,0.016780878407937416,0.021876557365496988,1.0,0.021926628005280318,0.010812367263992758,0.023759698308942263,0.06203340020325684,0.03610265944479786,0.04462156231833955,0.034363748534331766,0.03235587737564018,0.005598013373558351,0.028467775779914863,0.06393316983616082,0.027428394348087266,0.018077183400074345,0.01508427589733705,0.015216316023206371,0.005087021016026412,0.03364724364202405,0.09727217094591856
CAT,0.33933133959475653,0.004473242876023425,0.2205935432150328,0.2831068137763925,0.23049796280002946,0.00048238853981770723,0.030051127030707232,0.0007469415034568569,0.4498638477732508,0.43941647585674637,0.2619350857298871,0.28258837327471326,0.08001049934859682,0.21843496335467735,0.024337925624287642,0.17576498310197555,0.29656769536064836,0.21756067155228434,0.010093049571960855,0.2094253165666039,0.010297677998114724,0.07837086605231215,0.3421863188215297,0.19473494111533138,0.23406957820958496,0.40192715190571116,0.012983883399878104,0.2698749326765523,0.0035382340966956245,0.2542895642136934,0.3564962051229074,0.021926628005280318,1.0,0.18559935784783374,0.08376612466070125,0.063229085970476,0.08232007488258461,0.46364644307770847,0.003554517093858208,0.16828963742328948,0.19475544905126133,0.27039083871551617,0.005375908027134713,0.3315082982454782,0.2557763203325627,0.35419120386653735,0.27559041246015387,0.33423712376069453,0.45330757400894195,0.13727398661695875
JNJ,0.4069148092177339,0.025481159581934684,0.6950505711771533,0.19745740095325745,0.8260602899833932,0.0036136853692485477,0.047776435301037194,0.0033168765802270538,0.3955739350824965,0.272797533662305,0.17700745330015447,0.0819842543848329,0.17200019721214072,0.10935817872336372,0.024971092073651533,0.11316414852615293,0.2557486459098205,0.6289853345187884,0.011861010759330834,0.4708340326628626,0.0210958411080974,0.07092625298627252,0.5870514595498196,0.47983885347390554,0.15157412524584563,0.17875605428896196,0.03588009616541696,0.3334341648872924,0.004194437399872429,0.5828599768577448,0.294614719729108,0.010812367263992758,0.18559935784783374,1.0,0.1978926670209697,0.03583586396449112,0.05266947283669223,0.3497508660708053,0.022412853792981607,0.21155541995096047,0.6347477567922594,0.6823031928157051,0.004942269445195744,0.2522976946190613,0.20175985360646126,0.3662201147409533,0.5134209368445819,0.25635938783026724,0.31037940680286563,0.07996550589850641
MPC,0.16017349679765824,0.02726223488869905,0.17273533314483983,0.09130627258922853,0.19325998656062157,0.009237270641345616,0.11130056908055821,0.01191059599737109,0.13426904796382252,0.05182918012166602,0.12343722890998818,0.14163084129198966,0.084578871286894,0.11972348890091085,0.1413689935943366,0.08995177631686674,0.16827476677563774,0.11957453468666733,0.12014777815539045,0.11694864555055856,0.015029083676687899,0.1392684902121062,0.16036099982435822,0.10760357046295849,0.09470445076047708,0.0746579640563911,0.0371610792853584,0.08308146226241866,0.03508257765371758,0.10330537159768663,0.10164049583390417,0.023759698308942263,0.08376612466070125,0.1978926670209697,1.0,0.10774952668787868,0.14814104934357175,0.17043882121960813,0.034060238072559285,0.24395678474551297,0.17972467418774735,0.3607940048194088,0.04794127900031995,0.15725336711221966,0.11037487249226079,0.10819145593073665,0.08106467234440991,0.07421470688526015,0.11388459606332146,0.13285952955234073
TPR,0.016633546295523816,0.011932553144160878,0.026168965469932724,0.08622097225889601,0.03568112060856787,0.014075826696682598,0.08378153847387514,0.011788309243036312,0.049138492937807914,0.017296628471759945,0.07743586503597734,0.07474707174805544,0.06155932892327116,0.0918614095355054,0.08058303661736343,0.04257289602339123,0.15726191963192698,0.033338653835727296,0.12136847712225726,0.05467735910974497,0.03032040437028935,0.15226461608972325,0.034218284508392434,0.037823220987177025,0.10383747443359295,0.0312135395186904,0.03679022134065349,0.06942951280119604,0.10175220224472507,0.031959160421833985,0.05325440996739172,0.06203340020325684,0.063229085970476,0.03583586396449112,0.10774952668787868,1.0,0.07439802865441096,0.05308427222585324,0.04025678796963152,0.05681639797840263,0.03082614471093734,0.0600304450553799,0.10669869637586141,0.06943891695060532,0.08806982119047362,0.046914371621093395,0.02518176697333729,0.01499365642145683,0.06442883903288546,0.10016384766205003
BF-B,0.06274409233616342,0.005775013685614264,0.05081131261179104,0.15052548508971594,0.06608358360065955,0.002410615184582813,0.15052548513869754,0.0014987644980415772,0.10956893026446292,0.058734741388483974,0.12808769998574435,0.23591742547206182,0.05571263199706141,0.1636916312400068,0.078754737028607,0.21698388259914156,0.14833143980974153,0.05164393433171434,0.08035468578941313,0.09169424295550051,0.008268112675576497,0.11958513901422685,0.07175049490499488,0.04690757624612836,0.21064321088953064,0.11087345630653855,0.011138904916121403,0.10677389163774012,0.02763594088373333,0.08017857649829582,0.08256274063250063,0.03610265944479786,0.08232007488258461,0.05266947283669223,0.14814104934357175,0.07439802865441096,1.0,0.1075172807012118,0.00894268902123546,0.20381394588818283,0.040347183824422816,0.11063181273864837,0.033394733939563874,0.16383894562858062,0.0980023690560509,0.06880535584569467,0.07715840547315832,0.09005794178800546,0.1404459123231529,0.18026504252926037
CMCSA,0.3707525610765008,0.022964886599386128,0.3191132589604912,0.24437215183299701,0.3614925764705493,0.0032146405756697206,0.031854140581907914,0.0033195118723054963,0.4198703625454633,0.291303964576656,0.21346924794360692,0.18767389068874904,0.08576537566422697,0.14178858999583094,0.0366396625491619,0.2514830465106903,0.21762024364697846,0.2685303833248592,0.018813604800928307,0.2629869266740992,0.033073719142388,0.0754910801879407,0.3552594159113847,0.1804735325310359,0.2159593977055549,0.3119295648843508,0.04201829196278266,0.2591587660530264,0.009683053276257092,0.34346405019902576,0.30654421834803763,0.04462156231833955,0.46364644307770847,0.3497508660708053,0.17043882121960813,0.05308427222585324,0.1075172807012118,1.0,0.017485754930512586,0.19400556292614024,0.22596165990597195,0.4486525816957576,0.009086452114114617,0.2937152465699058,0.18486238500473856,0.3268898096309036,0.33036284219424694,0.2550660208511246,0.3670932331578102,0.16593009023945676
ROL,0.006553433949701557,0.23401216377925232,0.004379803676228131,0.0074948889553030805,0.0230818239714718,0.15670062149154426,0.040127015660369456,0.14472744457754452,0.007254147282456149,0.000758058255151755,0.01608182871762674,0.010308145280667992,0.05836527017684248,0.009942525457157453,0.030461034969743794,0.024175524190392903,0.01053958246826199,0.004851477554704752,0.03150187061128566,0.020591450137219705,0.18268541758730952,0.010034690342759205,0.006395049539930957,0.00778034280376142,0.03234627573522795,0.0037284393452786777,0.042119368401217244,0.009077017247276995,0.05868581335546678,0.01026627929147986,0.011035041633654704,0.034363748534331766,0.003554517093858208,0.022412853792981607,0.034060238072559285,0.04025678796963152,0.00894268902123546,0.017485754930512586,1.0,0.015665042922772356,0.0058030472417781,0.029464054861160757,0.061728705444247293,0.009790929258608971,0.01910448343228852,0.007143201651741016,0.009865805173935817,0.00279183537122414,0.012388012723236412,0.010819152039266797
CDNS,0.25912573934603333,0.012827746291274287,0.3324761565188485,0.2462465373030169,0.2673621529582581,0.004438596357852322,0.12402342513165356,0.004461031929400001,0.20773900774197107,0.20520193853391722,0.2835987633398992,0.23279755200033878,0.17992335431137937,0.24385536896984572,0.060870250777214245,0.1607916131539273,0.16416784879968857,0.22854346552416505,0.02933816819287384,0.3429068666296184,0.02465970248552052,0.0946200212647994,0.28376532473753335,0.31178054294778307,0.19935785802628836,0.14738685024281958,0.021727427678149953,0.28888891543931056,0.016156082979925403,0.283465690236078,0.16099710981595228,0.03235587737564018,0.16828963742328948,0.21155541995096047,0.24395678474551297,0.05681639797840263,0.20381394588818283,0.19400556292614024,0.015665042922772356,1.0,0.25922039049383266,0.4111106349742889,0.018987555493414854,0.16876051747998522,0.34221732659461956,0.24104833653619445,0.24755787468858398,0.3123024365120161,0.2196135293075815,0.09328026120339084
OXY,0.31058870435961194,0.005941312900211607,0.7130302846393981,0.20447844953455083,0.6498656700854234,0.0008378806990345691,0.030856043701992436,0.0006381320186184052,0.2682919475699504,0.3800760903397958,0.15812087577090989,0.06558884627883386,0.1599317839400262,0.12814615122556974,0.013936060754891367,0.06355642512113238,0.28004481052024843,0.6703722275937375,0.006107592352920955,0.5208557247735758,0.007088979746457844,0.04777222935633308,0.6301395723166666,0.6570634083283423,0.1420537727548311,0.155838460354893,0.015754954098384105,0.3291501734250998,0.002257260576473059,0.5346749251065621,0.21574245998143624,0.005598013373558351,0.19475544905126133,0.6347477567922594,0.17972467418774735,0.03082614471093734,0.040347183824422816,0.22596165990597195,0.0058030472417781,0.25922039049383266,1.0,0.5422350700717772,0.001632866965378172,0.21374700700315316,0.20192463949082992,0.43763391703260585,0.3967817677092551,0.24613303535484254,0.24044281387256192,0.05267562407077462
WRB,0.4823262045882661,0.018208857340364995,0.6816020191324007,0.2778720063257789,0.6375387796082473,0.003748682265792551,0.07607451318757809,0.0035568700575978832,0.47656879473646724,0.3323517412391289,0.20806671503751986,0.16772674589256603,0.1677726626120847,0.17632253748455914,0.05772328731700453,0.18377372837591427,0.34000915440492246,0.49637771396053937,0.038762804707421154,0.454453641526576,0.018167898453916986,0.14130878008532072,0.5384327544020899,0.4186957526050233,0.2100719509315357,0.2643309150392916,0.05118496778119428,0.40816648364946895,0.013552083109023805,0.4910175039035047,0.38989660363742806,0.028467775779914863,0.27039083871551617,0.6823031928157051,0.3607940048194088,0.0600304450553799,0.11063181273864837,0.4486525816957576,0.029464054861160757,0.4111106349742889,0.5422350700717772,1.0,0.009721730467786707,0.2881907591731006,0.2237008937705694,0.3697762461895039,0.43189517655933796,0.2968725185007237,0.37695358995193584,0.15087259613725165
HSY,0.00197888269059824,0.03892321382054878,0.0019686527257460275,0.011869630089407366,0.004697693167130764,0.02822670895554888,0.08649200007438448,0.05151804923822879,0.005161912302961506,0.0009038004908683993,0.04760920240663035,0.029505656676859893,0.020961792602177887,0.02091855312137187,0.046874509940407885,0.028226708871140593,0.015215757648333404,0.002276449765644341,0.11089072699367129,0.009553946407691957,0.028226708934270817,0.06953765149491659,0.004176010435679591,0.00279410804836242,0.02154468516341254,0.004428654767569158,0.029197865271807826,0.007413900321295654,0.08698533250465215,0.00392913619854673,0.006538125951433774,0.06393316983616082,0.005375908027134713,0.004942269445195744,0.04794127900031995,0.10669869637586141,0.033394733939563874,0.009086452114114617,0.061728705444247293,0.018987555493414854,0.001632866965378172,0.009721730467786707,1.0,0.012107862861698631,0.01824375786356047,0.004116959875438264,0.003821505138732819,0.0012314765930693129,0.010775228057130389,0.03218099682426967
FIS,0.4545871657976788,0.004627585497699437,0.17143759591257618,0.17817950903464,0.3081680720631278,0.0006730268710706596,0.05512897124331661,0.0010986498875738692,0.35805406159576136,0.2868098448558913,0.1747663448117889,0.2572362188432671,0.07542349278175968,0.19068708562916184,0.03564491385209012,0.19887598152825503,0.222506391486784,0.17348524088018538,0.024882694558889168,0.29037956702291895,0.009515442294882753,0.09176978969433866,0.2843311268476404,0.13961275892597977,0.2815533985817332,0.2592649281179908,0.016820640486080778,0.3603763248458931,0.0066590089292916385,0.24269332340036226,0.360376324844087,0.027428394348087266,0.3315082982454782,0.2522976946190613,0.15725336711221966,0.06943891695060532,0.16383894562858062,0.2937152465699058,0.009790929258608971,0.16876051747998522,0.21374700700315316,0.2881907591731006,0.012107862861698631,1.0,0.16192957081956688,0.20324712355715546,0.2328927959761893,0.31400004076852195,0.3603763248367273,0.23730488861252666
GLW,0.17520622088105706,0.026911819436592606,0.18210874583175674,0.21707252653042955,0.2520730407352768,0.013477516904267144,0.13003477710350642,0.01191059600829268,0.215814541137484,0.2804217163642104,0.3908495265483337,0.10921766693747466,0.28980036940217146,0.30347722727330256,0.051091526741282305,0.15839989077516045,0.19460660921548195,0.2499460801655686,0.01832361136023388,0.2705136079777734,0.029063180736060255,0.08802581257286632,0.25927071870319746,0.334820288548299,0.22943978338479065,0.1579331701023258,0.04598976708965283,0.27050022736304424,0.011841018151582065,0.2667880467456701,0.181375358862167,0.018077183400074345,0.2557763203325627,0.20175985360646126,0.11037487249226079,0.08806982119047362,0.0980023690560509,0.18486238500473856,0.01910448343228852,0.34221732659461956,0.20192463949082992,0.2237008937705694,0.01824375786356047,0.16192957081956688,1.0,0.316177978360828,0.28278316194585335,0.2827660637355099,0.23067403379220539,0.04292157857133424
CAH,0.2896108566993285,0.01355635019797683,0.38570296950580085,0.3535211873807408,0.3946410247931253,0.0019476023602415155,0.04392587197596503,0.002724690173728781,0.3151668555821384,0.3747325784369937,0.2495791856571691,0.11076271022006556,0.1850922708439812,0.2310211040999071,0.02033582241023517,0.13260547451538698,0.3618615669438714,0.43389729444547187,0.004962633315813476,0.32130772060577173,0.03032040432182097,0.05999577903066509,0.5322505140783245,0.41205426047356614,0.21353213433368334,0.2548877495596328,0.023605925428336987,0.2889357011818144,0.0020985179895278328,0.3946410248044863,0.20517396482101521,0.01508427589733705,0.35419120386653735,0.3662201147409533,0.10819145593073665,0.046914371621093395,0.06880535584569467,0.3268898096309036,0.007143201651741016,0.24104833653619445,0.43763391703260585,0.3697762461895039,0.004116959875438264,0.20324712355715546,0.316177978360828,1.0,0.43171311779789745,0.22393630092725914,0.28654810003347136,0.048566825148943976
EOG,0.24530727550822456,0.011361510464988603,0.5094209569534731,0.3342049302740827,0.42493017759036567,0.0014270451380404773,0.04345612832203083,0.001912623982479019,0.3363300700231107,0.38007609035250123,0.25427930758043044,0.10303068900419032,0.17493557428494297,0.12314249718212752,0.02846261468842,0.1451116720956728,0.22989375534394904,0.47484671170108544,0.006106137579413974,0.4389386606058706,0.01973638023497405,0.053468393045958074,0.5209135798332764,0.34852875913833165,0.24319908840317228,0.25257841617215027,0.02201402537591335,0.4322718650999614,0.0032201524783423987,0.5609235630999054,0.2525963365701727,0.015216316023206371,0.27559041246015387,0.5134209368445819,0.08106467234440991,0.02518176697333729,0.07715840547315832,0.33036284219424694,0.009865805173935817,0.24755787468858398,0.3967817677092551,0.43189517655933796,0.003821505138732819,0.2328927959761893,0.28278316194585335,0.43171311779789745,1.0,0.3029371015194478,0.3374414881649966,0.062134202115272784
CCL,0.41974522986102725,0.00116686418477785,0.21716760579269886,0.18129237859148656,0.3014954796568744,0.00016683763214538113,0.036010939569440105,0.00022994747916652301,0.399131124653957,0.4306988629844639,0.1998106707224091,0.18987956697950475,0.10579051064059404,0.24643597872037212,0.010735275986593445,0.1615120230140722,0.17185862961562107,0.3195892765438015,0.0049826274363798965,0.41978906676022965,0.0021618708542992067,0.04217420707474559,0.27167397962068185,0.30081945905664387,0.2773594337781428,0.44335248037408725,0.004420891543314947,0.3707991400812679,0.0012702367916697609,0.29802624335215105,0.2919636265490148,0.005087021016026412,0.33423712376069453,0.25635938783026724,0.07421470688526015,0.01499365642145683,0.09005794178800546,0.2550660208511246,0.00279183537122414,0.3123024365120161,0.24613303535484254,0.2968725185007237,0.0012314765930693129,0.31400004076852195,0.2827660637355099,0.22393630092725914,0.3029371015194478,1.0,0.3040499009174773,0.07989392769341397
DLR,0.3131948551166082,0.015469600087880956,0.28624806637813865,0.2816044016446162,0.3116016223294199,0.0038986397598844112,0.05534532419254163,0.0027455372064413403,0.2942370055877668,0.31649151432030126,0.2933593288093621,0.21624473421678814,0.11743650744233713,0.17073376468483428,0.03129958604422685,0.17438180155033464,0.19175571047108012,0.25892765963147796,0.018021665125066914,0.25208197228830476,0.016604173840799274,0.10800400228507116,0.3318717635053397,0.19650023344057177,0.2394400606975989,0.4125452639293466,0.03917397723175883,0.3227818063012364,0.010684983891472993,0.3080970819318795,0.275156652057908,0.03364724364202405,0.45330757400894195,0.31037940680286563,0.11388459606332146,0.06442883903288546,0.1404459123231529,0.3670932331578102,0.012388012723236412,0.2196135293075815,0.24044281387256192,0.37695358995193584,0.010775228057130389,0.3603763248367273,0.23067403379220539,0.28654810003347136,0.3374414881649966,0.3040499009174773,1.0,0.15506836292145948
DTE,0.12673771340072124,0.0085113008193426,0.04854475158075476,0.10767430314388264,0.08058249611625147,0.002398634737799002,0.03331452680730019,0.0028216908972992696,0.1264828727849142,0.0716395210600855,0.07358137929979128,0.3287879308678795,0.0411741497242082,0.09995898574454454,0.07875473700582365,0.1515216555977781,0.15581077611063893,0.04275437815987159,0.12166505312189313,0.13106166438941755,0.02069406149238482,0.11553484301894298,0.07948095711356935,0.03426370125974615,0.13559161512991563,0.1784403782550715,0.016903781407587852,0.13078281672488198,0.04275456676779509,0.07561084202934026,0.16166422176123385,0.09727217094591856,0.13727398661695875,0.07996550589850641,0.13285952955234073,0.10016384766205003,0.18026504252926037,0.16593009023945676,0.010819152039266797,0.09328026120339084,0.05267562407077462,0.15087259613725165,0.03218099682426967,0.23730488861252666,0.04292157857133424,0.048566825148943976,0.062134202115272784,0.07989392769341397,0.15506836292145948,1.0
