pca_variance,umap_dim,umap_neighbors,umap_min_dist,n_cubes,perc_overlap,dbscan_eps,min_samples,num_nodes,num_links,num_clusters,num_clusters_used,num_tickers_portfolio,train_sharpe,train_return,train_vol,train_max_dd,val_sharpe,val_return,val_vol,val_max_dd,sharpe_diff,overfitting_score,success
0.5,1,15,0.1,5,0.3,0.3,3,20,5,20,3,31,0.9185379501150226,0.18877682430794873,0.20551880767072217,-0.17389394564074134,0.3062608659747959,0.05139932973165625,0.16782859138093803,-0.26161926222362697,0.6122770841402267,0.6665778850656691,True
0.5,1,15,0.1,5,0.3,0.35,3,19,5,19,3,31,1.084293725854631,0.19711081641874548,0.1817872885535554,-0.13659435519180205,1.4649622215476144,0.20177556432679705,0.13773431243410322,-0.10666359052231912,-0.38066849569298333,0.3510750699889402,True
0.5,1,15,0.1,5,0.3,0.4,3,10,2,10,3,31,1.084293725854631,0.19711081641874548,0.1817872885535554,-0.13659435519180205,1.4649622215476144,0.20177556432679705,0.13773431243410322,-0.10666359052231912,-0.38066849569298333,0.3510750699889402,True
0.5,1,15,0.1,5,0.4,0.3,3,26,11,26,3,26,0.8254030647636382,0.19606241341554087,0.23753535912988782,-0.2148376386012745,0.4348160322019905,0.07530005450055206,0.17317681254579867,-0.18861147678790402,0.39058703256164773,0.4732076354398998,True
0.5,1,15,0.1,5,0.4,0.35,3,21,7,21,3,25,1.1132510851971291,0.25060615216069826,0.2251119765280284,-0.19199173903219316,0.801651395620631,0.13161862460947826,0.164184364087061,-0.14896843598840978,0.3115996895764981,0.2799006385170705,True
0.5,1,15,0.1,5,0.4,0.4,3,10,3,10,3,25,1.1132510851971291,0.25060615216069826,0.2251119765280284,-0.19199173903219316,0.801651395620631,0.13161862460947826,0.164184364087061,-0.14896843598840978,0.3115996895764981,0.2799006385170705,True
0.5,1,15,0.1,6,0.3,0.3,3,21,6,21,3,30,0.7829350776763394,0.14435016288294553,0.18437053977880272,-0.14182553334085254,0.5262669401083546,0.07279927638905431,0.1383314642072433,-0.12695415618590683,0.2566681375679848,0.32782812379507387,True
0.5,1,15,0.1,6,0.3,0.35,3,22,8,22,3,31,1.084293725854631,0.19711081641874548,0.1817872885535554,-0.13659435519180205,1.4649622215476144,0.20177556432679705,0.13773431243410322,-0.10666359052231912,-0.38066849569298333,0.3510750699889402,True
0.5,1,15,0.1,6,0.3,0.4,3,11,4,11,3,31,1.084293725854631,0.19711081641874548,0.1817872885535554,-0.13659435519180205,1.4649622215476144,0.20177556432679705,0.13773431243410322,-0.10666359052231912,-0.38066849569298333,0.3510750699889402,True
0.5,1,15,0.1,6,0.4,0.3,3,23,9,23,3,26,0.8471712395854404,0.19711713462599117,0.23267684904228997,-0.2086780105300106,0.5122986650930572,0.08663391637401238,0.1691082219749209,-0.17789738309341047,0.33487257449238317,0.39528321884044554,True
0.5,1,15,0.1,6,0.4,0.35,3,26,13,26,3,17,1.475385142835665,0.2693954800275571,0.18259332577375936,-0.13110988791416928,1.4665929439347736,0.22615455006779567,0.15420403527991736,-0.09974612787417189,0.008792198900891446,0.005959256770061402,True
0.5,1,15,0.1,6,0.4,0.4,3,14,7,14,3,18,1.4746041633606262,0.2692635127183717,0.18260053742471438,-0.1314757262474234,1.4677569003708812,0.2264275476163689,0.15426774526432402,-0.0996462088042752,0.006847262989744918,0.004643458332668741,True
0.5,1,15,0.1,8,0.3,0.3,3,26,8,26,3,32,0.8024185289280618,0.14601822126706118,0.1819726439544269,-0.14175978330289013,0.4796873336107298,0.06573733722014968,0.13704205346705292,-0.13387296194069723,0.32273119531733196,0.40219808451889,True
0.5,1,15,0.1,8,0.3,0.35,3,23,8,23,3,25,1.4455363449581136,0.26875689221789045,0.18592191967727942,-0.13748360411481422,1.3805871918899293,0.2137695338950508,0.15483957489306774,-0.10448661657384216,0.06494915306818427,0.044930833662343,True
0.5,1,15,0.1,8,0.3,0.4,3,13,6,13,3,25,1.4455363449581136,0.26875689221789045,0.18592191967727942,-0.13748360411481422,1.3805871918899293,0.2137695338950508,0.15483957489306774,-0.10448661657384216,0.06494915306818427,0.044930833662343,True
0.5,1,15,0.1,8,0.4,0.3,3,27,11,27,3,32,0.8024185289280618,0.14601822126706118,0.1819726439544269,-0.14175978330289013,0.4796873336107298,0.06573733722014968,0.13704205346705292,-0.13387296194069723,0.32273119531733196,0.40219808451889,True
0.5,1,15,0.1,8,0.4,0.35,3,26,11,26,3,25,1.4455363449581136,0.26875689221789045,0.18592191967727942,-0.13748360411481422,1.3805871918899293,0.2137695338950508,0.15483957489306774,-0.10448661657384216,0.06494915306818427,0.044930833662343,True
0.5,1,15,0.1,8,0.4,0.4,3,15,8,15,3,25,1.4455363449581136,0.26875689221789045,0.18592191967727942,-0.13748360411481422,1.3805871918899293,0.2137695338950508,0.15483957489306774,-0.10448661657384216,0.06494915306818427,0.044930833662343,True
0.5,2,15,0.1,5,0.3,0.3,3,32,16,32,3,32,0.8024185289280618,0.14601822126706118,0.1819726439544269,-0.14175978330289013,0.4796873336107298,0.06573733722014968,0.13704205346705292,-0.13387296194069723,0.32273119531733196,0.40219808451889,True
0.5,2,15,0.1,5,0.3,0.35,3,38,21,38,3,25,1.4455363449581136,0.26875689221789045,0.18592191967727942,-0.13748360411481422,1.3805871918899293,0.2137695338950508,0.15483957489306774,-0.10448661657384216,0.06494915306818427,0.044930833662343,True
0.5,2,15,0.1,5,0.3,0.4,3,25,14,25,3,25,1.4455363449581136,0.26875689221789045,0.18592191967727942,-0.13748360411481422,1.3805871918899293,0.2137695338950508,0.15483957489306774,-0.10448661657384216,0.06494915306818427,0.044930833662343,True
0.5,2,15,0.1,5,0.4,0.3,3,39,22,39,3,26,0.7683667026195994,0.15935014348948304,0.20738814285706184,-0.16376577281432023,0.6617666795662618,0.10190906579980669,0.1539954623683991,-0.19422505763380007,0.1066000230533376,0.13873587011241534,True
0.5,2,15,0.1,5,0.4,0.35,3,46,30,46,3,3,1.4600728999139663,0.2869076322750827,0.19650226525811726,-0.1419123573918974,1.492351629420682,0.2959204431806234,0.1982913660204178,-0.13696864085229393,-0.03227872950671573,0.022107614974990447,True
0.5,2,15,0.1,5,0.4,0.4,3,33,23,33,3,3,1.4600728999139663,0.2869076322750827,0.19650226525811726,-0.1419123573918974,1.492351629420682,0.2959204431806234,0.1982913660204178,-0.13696864085229393,-0.03227872950671573,0.022107614974990447,True
0.5,2,15,0.1,6,0.3,0.3,3,39,22,39,3,29,0.8054995229499827,0.15179578616745826,0.18844925644590851,-0.18306272158675715,0.7788583537978323,0.12104065927335084,0.1554077948617205,-0.1318373502380507,0.026641169152150423,0.033074096747546675,True
0.5,2,15,0.1,6,0.3,0.35,3,37,20,37,3,35,1.2105038761459148,0.21719103082053515,0.17942200359741337,-0.1430215538081131,1.1553602109333754,0.16456882797519712,0.14243941103203447,-0.11858297998783518,0.05514366521253944,0.04555430701148155,True
0.5,2,15,0.1,6,0.3,0.4,3,28,18,28,3,37,1.2609897434191564,0.2257931662027331,0.179060271807206,-0.13805996416285599,1.1660770419191293,0.16519542816452304,0.14166767908631872,-0.11599777139092719,0.09491270150002706,0.07526841673007789,True
0.5,2,15,0.1,6,0.4,0.3,3,51,35,51,3,26,0.7683667026195994,0.15935014348948304,0.20738814285706184,-0.16376577281432023,0.6617666795662618,0.10190906579980669,0.1539954623683991,-0.19422505763380007,0.1066000230533376,0.13873587011241534,True
0.5,2,15,0.1,6,0.4,0.35,3,54,38,54,3,25,1.4455363449581136,0.26875689221789045,0.18592191967727942,-0.13748360411481422,1.3805871918899293,0.2137695338950508,0.15483957489306774,-0.10448661657384216,0.06494915306818427,0.044930833662343,True
0.5,2,15,0.1,6,0.4,0.4,3,33,24,33,3,25,1.4455363449581136,0.26875689221789045,0.18592191967727942,-0.13748360411481422,1.3805871918899293,0.2137695338950508,0.15483957489306774,-0.10448661657384216,0.06494915306818427,0.044930833662343,True
0.5,2,15,0.1,8,0.3,0.3,3,45,27,45,3,28,0.8328560148875551,0.16226185117366704,0.1948258141541719,-0.17885053047175578,0.7558010580232616,0.12357546286403505,0.16350263280556523,-0.13645801963916848,0.07705495686429353,0.09251894143394859,True
0.5,2,15,0.1,8,0.3,0.35,3,55,39,55,3,17,1.1420049152304703,0.20438577369023608,0.17897101051354808,-0.18106360696730928,1.6927224648827819,0.24076210120755126,0.1422336538933,-0.10266280343758215,-0.5507175496523116,0.48223746002106316,True
0.5,2,15,0.1,8,0.3,0.4,3,35,24,35,3,36,1.2730169295257063,0.22782017637861027,0.17896083790770187,-0.13776683390975009,1.1604842430297821,0.16426559547727324,0.14154918213142648,-0.11548525267386861,0.11253268649592418,0.0883984210153835,True
0.5,2,15,0.1,8,0.4,0.3,3,63,46,63,3,36,0.8762821093133435,0.1804503909529471,0.2059272796227101,-0.18797644217491857,0.8992385875017233,0.15199467460833993,0.1690259701050125,-0.1743788262818748,-0.02295647818837976,0.026197588589784746,True
0.5,2,15,0.1,8,0.4,0.35,3,71,54,71,3,25,1.4455363449581136,0.26875689221789045,0.18592191967727942,-0.13748360411481422,1.3805871918899293,0.2137695338950508,0.15483957489306774,-0.10448661657384216,0.06494915306818427,0.044930833662343,True
0.5,2,15,0.1,8,0.4,0.4,3,46,34,46,3,25,1.4455363449581136,0.26875689221789045,0.18592191967727942,-0.13748360411481422,1.3805871918899293,0.2137695338950508,0.15483957489306774,-0.10448661657384216,0.06494915306818427,0.044930833662343,True
0.6,1,15,0.1,5,0.3,0.3,3,21,8,21,3,26,0.8254030647636382,0.19606241341554087,0.23753535912988782,-0.2148376386012745,0.4348160322019905,0.07530005450055206,0.17317681254579867,-0.18861147678790402,0.39058703256164773,0.4732076354398998,True
0.6,1,15,0.1,5,0.3,0.35,3,21,8,21,3,25,1.4455363449581136,0.26875689221789045,0.18592191967727942,-0.13748360411481422,1.3805871918899293,0.2137695338950508,0.15483957489306774,-0.10448661657384216,0.06494915306818427,0.044930833662343,True
0.6,1,15,0.1,5,0.3,0.4,3,14,5,14,3,25,1.4455363449581136,0.26875689221789045,0.18592191967727942,-0.13748360411481422,1.3805871918899293,0.2137695338950508,0.15483957489306774,-0.10448661657384216,0.06494915306818427,0.044930833662343,True
0.6,1,15,0.1,5,0.4,0.3,3,22,9,22,3,26,0.9124590142019396,0.2254890942340066,0.24712243588412047,-0.2081090945899157,0.12302738943111056,0.02479031843240164,0.20150243410865049,-0.25991260700284907,0.7894316247708291,0.8651694075939251,True
0.6,1,15,0.1,5,0.4,0.35,3,23,8,23,3,25,1.4455363449581136,0.26875689221789045,0.18592191967727942,-0.13748360411481422,1.3805871918899293,0.2137695338950508,0.15483957489306774,-0.10448661657384216,0.06494915306818427,0.044930833662343,True
0.6,1,15,0.1,5,0.4,0.4,3,16,6,16,3,25,1.4455363449581136,0.26875689221789045,0.18592191967727942,-0.13748360411481422,1.3805871918899293,0.2137695338950508,0.15483957489306774,-0.10448661657384216,0.06494915306818427,0.044930833662343,True
0.6,1,15,0.1,6,0.3,0.3,3,20,6,20,3,68,0.7420099464825688,0.1393547029188869,0.1878070551203327,-0.16029828815185762,0.6810422386011205,0.10119479623342574,0.1485881352106481,-0.2014431750732475,0.06096770788144834,0.0821656207850855,True
0.6,1,15,0.1,6,0.3,0.35,3,16,2,16,3,31,1.084293725854631,0.19711081641874548,0.1817872885535554,-0.13659435519180205,1.4649622215476144,0.20177556432679705,0.13773431243410322,-0.10666359052231912,-0.38066849569298333,0.3510750699889402,True
0.6,1,15,0.1,6,0.3,0.4,3,11,3,11,3,31,1.084293725854631,0.19711081641874548,0.1817872885535554,-0.13659435519180205,1.4649622215476144,0.20177556432679705,0.13773431243410322,-0.10666359052231912,-0.38066849569298333,0.3510750699889402,True
0.6,1,15,0.1,6,0.4,0.3,3,22,9,22,3,26,0.828864005647562,0.19907865074490855,0.24018252619062094,-0.21723583092996196,0.38448827241176714,0.06786307212368693,0.17650232007859287,-0.19970889608539172,0.4443757332357949,0.5361262284379449,True
0.6,1,15,0.1,6,0.4,0.35,3,22,7,22,3,25,1.1133306479614933,0.25359560379079654,0.2277810318570945,-0.1944076274882622,0.7439798810056467,0.12424712742696417,0.16700334323425226,-0.1509763400577373,0.36935076695584657,0.3317529860802155,True
0.6,1,15,0.1,6,0.4,0.4,3,12,5,12,3,25,1.1133306479614933,0.25359560379079654,0.2277810318570945,-0.1944076274882622,0.7439798810056467,0.12424712742696417,0.16700334323425226,-0.1509763400577373,0.36935076695584657,0.3317529860802155,True
0.6,1,15,0.1,8,0.3,0.3,3,23,9,23,3,26,0.8254030647636382,0.19606241341554087,0.23753535912988782,-0.2148376386012745,0.4348160322019905,0.07530005450055206,0.17317681254579867,-0.18861147678790402,0.39058703256164773,0.4732076354398998,True
0.6,1,15,0.1,8,0.3,0.35,3,19,7,19,3,25,1.1132510851971291,0.25060615216069826,0.2251119765280284,-0.19199173903219316,0.801651395620631,0.13161862460947826,0.164184364087061,-0.14896843598840978,0.3115996895764981,0.2799006385170705,True
0.6,1,15,0.1,8,0.3,0.4,3,14,5,14,3,25,1.1132510851971291,0.25060615216069826,0.2251119765280284,-0.19199173903219316,0.801651395620631,0.13161862460947826,0.164184364087061,-0.14896843598840978,0.3115996895764981,0.2799006385170705,True
0.6,1,15,0.1,8,0.4,0.3,3,23,10,23,3,26,0.9124590142019396,0.2254890942340066,0.24712243588412047,-0.2081090945899157,0.12302738943111056,0.02479031843240164,0.20150243410865049,-0.25991260700284907,0.7894316247708291,0.8651694075939251,True
0.6,1,15,0.1,8,0.4,0.35,3,23,8,23,3,25,1.1132510851971291,0.25060615216069826,0.2251119765280284,-0.19199173903219316,0.801651395620631,0.13161862460947826,0.164184364087061,-0.14896843598840978,0.3115996895764981,0.2799006385170705,True
0.6,1,15,0.1,8,0.4,0.4,3,14,4,14,3,25,1.1132510851971291,0.25060615216069826,0.2251119765280284,-0.19199173903219316,0.801651395620631,0.13161862460947826,0.164184364087061,-0.14896843598840978,0.3115996895764981,0.2799006385170705,True
0.6,2,15,0.1,5,0.3,0.3,3,26,11,26,3,31,0.9185379501150226,0.18877682430794873,0.20551880767072217,-0.17389394564074134,0.3062608659747959,0.05139932973165625,0.16782859138093803,-0.26161926222362697,0.6122770841402267,0.6665778850656691,True
0.6,2,15,0.1,5,0.3,0.35,3,28,9,28,3,30,1.2267248568624505,0.24342698679913696,0.1984364997883399,-0.16075956663892266,0.6714482112858295,0.10745900913304626,0.160040651426059,-0.17655689876784453,0.5552766455766209,0.4526497058165364,True
0.6,2,15,0.1,5,0.3,0.4,3,20,11,20,3,30,1.2267248568624505,0.24342698679913696,0.1984364997883399,-0.16075956663892266,0.6714482112858295,0.10745900913304626,0.160040651426059,-0.17655689876784453,0.5552766455766209,0.4526497058165364,True
0.6,2,15,0.1,5,0.4,0.3,3,44,28,44,3,26,0.9337712724602644,0.22497138164577296,0.24092771782647274,-0.20122633652325,0.23176145993521896,0.04533823325666335,0.1956245584116363,-0.24577743995704227,0.7020098125250454,0.7518006103094359,True
0.6,2,15,0.1,5,0.4,0.35,3,35,21,35,3,16,1.481434125032782,0.2678073920955883,0.18077576827093955,-0.1266211591521568,1.5311571865907039,0.23523456533196108,0.15363188534270453,-0.09910969165757783,-0.04972306155792183,0.033564139449549626,True
0.6,2,15,0.1,5,0.4,0.4,3,26,17,26,3,16,1.481434125032782,0.2678073920955883,0.18077576827093955,-0.1266211591521568,1.5311571865907039,0.23523456533196108,0.15363188534270453,-0.09910969165757783,-0.04972306155792183,0.033564139449549626,True
0.6,2,15,0.1,6,0.3,0.3,3,38,23,38,3,30,0.7755241345512959,0.14018222309373693,0.18075804072151,-0.14524776230399508,0.4379162961804132,0.0598972262445511,0.1367777969602542,-0.1419620159041942,0.33760783837088265,0.43532860336605306,True
0.6,2,15,0.1,6,0.3,0.35,3,40,23,40,3,25,1.4455363449581136,0.26875689221789045,0.18592191967727942,-0.13748360411481422,1.3805871918899293,0.2137695338950508,0.15483957489306774,-0.10448661657384216,0.06494915306818427,0.044930833662343,True
0.6,2,15,0.1,6,0.3,0.4,3,24,15,24,3,25,1.4455363449581136,0.26875689221789045,0.18592191967727942,-0.13748360411481422,1.3805871918899293,0.2137695338950508,0.15483957489306774,-0.10448661657384216,0.06494915306818427,0.044930833662343,True
0.6,2,15,0.1,6,0.4,0.3,3,43,28,43,3,32,0.8024185289280618,0.14601822126706118,0.1819726439544269,-0.14175978330289013,0.4796873336107298,0.06573733722014968,0.13704205346705292,-0.13387296194069723,0.32273119531733196,0.40219808451889,True
0.6,2,15,0.1,6,0.4,0.35,3,49,33,49,3,25,1.4455363449581136,0.26875689221789045,0.18592191967727942,-0.13748360411481422,1.3805871918899293,0.2137695338950508,0.15483957489306774,-0.10448661657384216,0.06494915306818427,0.044930833662343,True
0.6,2,15,0.1,6,0.4,0.4,3,28,20,28,3,25,1.4455363449581136,0.26875689221789045,0.18592191967727942,-0.13748360411481422,1.3805871918899293,0.2137695338950508,0.15483957489306774,-0.10448661657384216,0.06494915306818427,0.044930833662343,True
0.6,2,15,0.1,8,0.3,0.3,3,43,27,43,3,26,0.9124590142019396,0.2254890942340066,0.24712243588412047,-0.2081090945899157,0.12302738943111056,0.02479031843240164,0.20150243410865049,-0.25991260700284907,0.7894316247708291,0.8651694075939251,True
0.6,2,15,0.1,8,0.3,0.35,3,52,33,52,3,25,1.4455363449581136,0.26875689221789045,0.18592191967727942,-0.13748360411481422,1.3805871918899293,0.2137695338950508,0.15483957489306774,-0.10448661657384216,0.06494915306818427,0.044930833662343,True
0.6,2,15,0.1,8,0.3,0.4,3,42,32,42,3,25,1.4455363449581136,0.26875689221789045,0.18592191967727942,-0.13748360411481422,1.3805871918899293,0.2137695338950508,0.15483957489306774,-0.10448661657384216,0.06494915306818427,0.044930833662343,True
0.6,2,15,0.1,8,0.4,0.3,3,52,36,52,3,26,0.9124590142019396,0.2254890942340066,0.24712243588412047,-0.2081090945899157,0.12302738943111056,0.02479031843240164,0.20150243410865049,-0.25991260700284907,0.7894316247708291,0.8651694075939251,True
0.6,2,15,0.1,8,0.4,0.35,3,60,42,60,3,25,1.4455363449581136,0.26875689221789045,0.18592191967727942,-0.13748360411481422,1.3805871918899293,0.2137695338950508,0.15483957489306774,-0.10448661657384216,0.06494915306818427,0.044930833662343,True
0.6,2,15,0.1,8,0.4,0.4,3,42,30,42,3,25,1.4455363449581136,0.26875689221789045,0.18592191967727942,-0.13748360411481422,1.3805871918899293,0.2137695338950508,0.15483957489306774,-0.10448661657384216,0.06494915306818427,0.044930833662343,True
0.7,1,15,0.1,5,0.3,0.3,3,26,9,26,3,31,0.9185379501150226,0.18877682430794873,0.20551880767072217,-0.17389394564074134,0.3062608659747959,0.05139932973165625,0.16782859138093803,-0.26161926222362697,0.6122770841402267,0.6665778850656691,True
0.7,1,15,0.1,5,0.3,0.35,3,30,11,30,3,6,1.3308535010142126,0.22486268657496636,0.16896126162917535,-0.1723431245703068,1.6121482948157064,0.2540471449515646,0.15758298772421933,-0.09030437522459663,-0.2812947938014938,0.211364206193338,True
0.7,1,15,0.1,5,0.3,0.4,3,16,10,16,3,25,1.4455363449581136,0.26875689221789045,0.18592191967727942,-0.13748360411481422,1.3805871918899293,0.2137695338950508,0.15483957489306774,-0.10448661657384216,0.06494915306818427,0.044930833662343,True
0.7,1,15,0.1,5,0.4,0.3,3,30,14,30,3,33,0.8577741486195367,0.17962594418269173,0.20940937013755156,-0.1838336191573483,0.34558760688893914,0.0600813527206529,0.17385274102135595,-0.2013009707036536,0.5121865417305975,0.5971111889474492,True
0.7,1,15,0.1,5,0.4,0.35,3,29,12,29,3,25,1.4455363449581136,0.26875689221789045,0.18592191967727942,-0.13748360411481422,1.3805871918899293,0.2137695338950508,0.15483957489306774,-0.10448661657384216,0.06494915306818427,0.044930833662343,True
0.7,1,15,0.1,5,0.4,0.4,3,16,9,16,3,25,1.4455363449581136,0.26875689221789045,0.18592191967727942,-0.13748360411481422,1.3805871918899293,0.2137695338950508,0.15483957489306774,-0.10448661657384216,0.06494915306818427,0.044930833662343,True
0.7,1,15,0.1,6,0.3,0.3,3,26,8,26,3,34,0.858662372873853,0.17976661314383183,0.20935657462451954,-0.18360785862081752,0.3433366566462454,0.059697724673086136,0.1738751849459386,-0.20127040954259356,0.5153257162276077,0.6001494097183582,True
0.7,1,15,0.1,6,0.3,0.35,3,27,10,27,3,30,1.2267248568624505,0.24342698679913696,0.1984364997883399,-0.16075956663892266,0.6714482112858295,0.10745900913304626,0.160040651426059,-0.17655689876784453,0.5552766455766209,0.4526497058165364,True
0.7,1,15,0.1,6,0.3,0.4,3,13,7,13,3,31,1.084293725854631,0.19711081641874548,0.1817872885535554,-0.13659435519180205,1.4649622215476144,0.20177556432679705,0.13773431243410322,-0.10666359052231912,-0.38066849569298333,0.3510750699889402,True
0.7,1,15,0.1,6,0.4,0.3,3,30,13,30,3,26,0.8448564964255209,0.20325910608339745,0.24058417842954463,-0.21346869589754364,0.3521081859223884,0.06592568215528637,0.18723132489120173,-0.22795265057750735,0.49274831050313245,0.5832331438390864,True
0.7,1,15,0.1,6,0.4,0.35,3,31,14,31,3,25,1.4455363449581136,0.26875689221789045,0.18592191967727942,-0.13748360411481422,1.3805871918899293,0.2137695338950508,0.15483957489306774,-0.10448661657384216,0.06494915306818427,0.044930833662343,True
0.7,1,15,0.1,6,0.4,0.4,3,16,10,16,3,25,1.4455363449581136,0.26875689221789045,0.18592191967727942,-0.13748360411481422,1.3805871918899293,0.2137695338950508,0.15483957489306774,-0.10448661657384216,0.06494915306818427,0.044930833662343,True
0.7,1,15,0.1,8,0.3,0.3,3,26,9,26,3,26,0.9186264777026606,0.2286449496242836,0.24889871473777725,-0.2092222002230972,0.09250775114382265,0.018950582555964973,0.20485399679106162,-0.26918750166480315,0.8261187265588379,0.8992977522538106,True
0.7,1,15,0.1,8,0.3,0.35,3,28,10,28,3,25,1.114320418749807,0.25373679572474456,0.22770541709127098,-0.19450234894433982,0.75376047661474,0.12583430953139213,0.16694203720594947,-0.15111769499877023,0.36055994213506704,0.32356935767145967,True
0.7,1,15,0.1,8,0.3,0.4,3,17,8,17,3,25,1.114320418749807,0.25373679572474456,0.22770541709127098,-0.19450234894433982,0.75376047661474,0.12583430953139213,0.16694203720594947,-0.15111769499877023,0.36055994213506704,0.32356935767145967,True
0.7,1,15,0.1,8,0.4,0.3,3,29,12,29,3,26,0.9124590142019396,0.2254890942340066,0.24712243588412047,-0.2081090945899157,0.12302738943111056,0.02479031843240164,0.20150243410865049,-0.25991260700284907,0.7894316247708291,0.8651694075939251,True
0.7,1,15,0.1,8,0.4,0.35,3,32,14,32,3,25,1.4455363449581136,0.26875689221789045,0.18592191967727942,-0.13748360411481422,1.3805871918899293,0.2137695338950508,0.15483957489306774,-0.10448661657384216,0.06494915306818427,0.044930833662343,True
0.7,1,15,0.1,8,0.4,0.4,3,18,9,18,3,25,1.4455363449581136,0.26875689221789045,0.18592191967727942,-0.13748360411481422,1.3805871918899293,0.2137695338950508,0.15483957489306774,-0.10448661657384216,0.06494915306818427,0.044930833662343,True
0.7,2,15,0.1,5,0.3,0.3,3,35,19,35,3,29,0.8317059937754916,0.1964737301889456,0.23622978752030152,-0.22526889774687786,0.46092622858705584,0.08264176296343641,0.17929498873772104,-0.167775319464599,0.37077976518843575,0.44580629208321304,True
0.7,2,15,0.1,5,0.3,0.35,3,40,23,40,3,3,1.4600728999139663,0.2869076322750827,0.19650226525811726,-0.1419123573918974,1.492351629420682,0.2959204431806234,0.1982913660204178,-0.13696864085229393,-0.03227872950671573,0.022107614974990447,True
0.7,2,15,0.1,5,0.3,0.4,3,29,18,29,3,3,1.4600728999139663,0.2869076322750827,0.19650226525811726,-0.1419123573918974,1.492351629420682,0.2959204431806234,0.1982913660204178,-0.13696864085229393,-0.03227872950671573,0.022107614974990447,True
0.7,2,15,0.1,5,0.4,0.3,3,45,31,45,3,26,0.7999593647237024,0.18616781514995692,0.23272158982007457,-0.2220284487819291,0.4666368421453403,0.08363052909062897,0.1792197304999358,-0.16256613951720758,0.33332252257836215,0.41667431781799097,True
0.7,2,15,0.1,5,0.4,0.35,3,50,34,50,3,3,1.4600728999139663,0.2869076322750827,0.19650226525811726,-0.1419123573918974,1.492351629420682,0.2959204431806234,0.1982913660204178,-0.13696864085229393,-0.03227872950671573,0.022107614974990447,True
0.7,2,15,0.1,5,0.4,0.4,3,31,22,31,3,3,1.4600728999139663,0.2869076322750827,0.19650226525811726,-0.1419123573918974,1.492351629420682,0.2959204431806234,0.1982913660204178,-0.13696864085229393,-0.03227872950671573,0.022107614974990447,True
0.7,2,15,0.1,6,0.3,0.3,3,34,20,34,3,21,0.7771885971117958,0.24180254057533662,0.3111246632721172,-0.287108732765799,0.05820580853211596,0.013742477356393395,0.2361014768622408,-0.29344988171732345,0.7189827885796798,0.9251072278357897,True
0.7,2,15,0.1,6,0.3,0.35,3,37,22,37,3,25,1.0889100784011747,0.26247403803312536,0.2410428953128167,-0.21402746440895,0.5479273224938691,0.09784821389185067,0.17857881853107538,-0.18882432195162702,0.5409827559073056,0.4968112304568068,True
0.7,2,15,0.1,6,0.3,0.4,3,30,21,30,3,25,1.0889100784011747,0.26247403803312536,0.2410428953128167,-0.21402746440895,0.5479273224938691,0.09784821389185067,0.17857881853107538,-0.18882432195162702,0.5409827559073056,0.4968112304568068,True
0.7,2,15,0.1,6,0.4,0.3,3,47,33,47,3,21,0.7914608238464389,0.23579092067096652,0.29791862536548647,-0.27078982537388163,0.18485002488571928,0.041254060824432386,0.22317584674352672,-0.24512696682571844,0.6066107989607197,0.7664445044956714,True
0.7,2,15,0.1,6,0.4,0.35,3,53,37,53,3,3,1.4600728999139663,0.2869076322750827,0.19650226525811726,-0.1419123573918974,1.492351629420682,0.2959204431806234,0.1982913660204178,-0.13696864085229393,-0.03227872950671573,0.022107614974990447,True
0.7,2,15,0.1,6,0.4,0.4,3,42,33,42,3,3,1.4600728999139663,0.2869076322750827,0.19650226525811726,-0.1419123573918974,1.492351629420682,0.2959204431806234,0.1982913660204178,-0.13696864085229393,-0.03227872950671573,0.022107614974990447,True
0.7,2,15,0.1,8,0.3,0.3,3,46,28,46,3,25,0.8505376088747035,0.20339515596054564,0.23913716905434182,-0.21671992076531071,0.3747737971383331,0.06594703131364994,0.17596489353632205,-0.19886559704135148,0.47576381173637045,0.5593683415902392,True
0.7,2,15,0.1,8,0.3,0.35,3,53,33,53,3,3,1.4600728999139663,0.2869076322750827,0.19650226525811726,-0.1419123573918974,1.492351629420682,0.2959204431806234,0.1982913660204178,-0.13696864085229393,-0.03227872950671573,0.022107614974990447,True
0.7,2,15,0.1,8,0.3,0.4,3,42,30,42,3,3,1.4600728999139663,0.2869076322750827,0.19650226525811726,-0.1419123573918974,1.492351629420682,0.2959204431806234,0.1982913660204178,-0.13696864085229393,-0.03227872950671573,0.022107614974990447,True
0.7,2,15,0.1,8,0.4,0.3,3,57,41,57,3,21,0.7886354776650796,0.23250477753061843,0.2948190692853402,-0.267849428617661,0.21914979662847503,0.048162447725033745,0.21976952963676993,-0.22800046953542188,0.5694856810366046,0.7221152194708336,True
0.7,2,15,0.1,8,0.4,0.35,3,60,43,60,3,3,1.4600728999139663,0.2869076322750827,0.19650226525811726,-0.1419123573918974,1.492351629420682,0.2959204431806234,0.1982913660204178,-0.13696864085229393,-0.03227872950671573,0.022107614974990447,True
0.7,2,15,0.1,8,0.4,0.4,3,41,31,41,3,3,1.4600728999139663,0.2869076322750827,0.19650226525811726,-0.1419123573918974,1.492351629420682,0.2959204431806234,0.1982913660204178,-0.13696864085229393,-0.03227872950671573,0.022107614974990447,True
